"period","duoarea","area_name","product","product_name","process","process_name","series","series_description","value","units"
"2024-01-02","YCUOK","NA","EPCWTI","WTI Crude Oil","PF4","Spot Price FOB","RWTC","Cushing, OK WTI Spot Price FOB (Dollars per Barrel)","70.62","$/BBL"
"2024-01-02","ZEU","NA","EPCBRENT","UK Brent Crude Oil","PF4","Spot Price FOB","RBRTE","Europe Brent Spot Price FOB (Dollars per Barrel)","76.24","$/BBL"
"2024-01-03","YCUOK","NA","EPCWTI","WTI Crude Oil","PF4","Spot Price FOB","RWTC","Cushing, OK WTI Spot Price FOB (Dollars per Barrel)","72.97","$/BBL"
"2024-01-03","ZEU","NA","EPCBRENT","UK Brent Crude Oil","PF4","Spot Price FOB","RBRTE","Europe Brent Spot Price FOB (Dollars per Barrel)","77.18","$/BBL"
"2024-01-04","YCUOK","NA","EPCWTI","WTI Crude Oil","PF4","Spot Price FOB","RWTC","Cushing, OK WTI Spot Price FOB (Dollars per Barrel)","72.38","$/BBL"
"2024-01-04","ZEU","NA","EPCBRENT","UK Brent Crude Oil","PF4","Spot Price FOB","RBRTE","Europe Brent Spot Price FOB (Dollars per Barrel)","75.79","$/BBL"
"2024-01-05","YCUOK","NA","EPCWTI","WTI Crude Oil","PF4","Spot Price FOB","RWTC","Cushing, OK WTI Spot Price FOB (Dollars per Barrel)","74","$/BBL"
"2024-01-05","ZEU","NA","EPCBRENT","UK Brent Crude Oil","PF4","Spot Price FOB","RBRTE","Europe Brent Spot Price FOB (Dollars per Barrel)","78.31","$/BBL"
"2024-01-08","YCUOK","NA","EPCWTI","WTI Crude Oil","PF4","Spot Price FOB","RWTC","Cushing, OK WTI Spot Price FOB (Dollars per Barrel)","71.06","$/BBL"
"2024-01-08","ZEU","NA","EPCBRENT","UK Brent Crude Oil","PF4","Spot Price FOB","RBRTE","Europe Brent Spot Price FOB (Dollars per Barrel)","75.47","$/BBL"
"2024-01-09","YCUOK","NA","EPCWTI","WTI Crude Oil","PF4","Spot Price FOB","RWTC","Cushing, OK WTI Spot Price FOB (Dollars per Barrel)","72.43","$/BBL"
"2024-01-09","ZEU","NA","EPCBRENT","UK Brent Crude Oil","PF4","Spot Price FOB","RBRTE","Europe Brent Spot Price FOB (Dollars per Barrel)","77.97","$/BBL"
"2024-01-10","YCUOK","NA","EPCWTI","WTI Crude Oil","PF4","Spot Price FOB","RWTC","Cushing, OK WTI Spot Price FOB (Dollars per Barrel)","71.57","$/BBL"
"2024-01-10","ZEU","NA","EPCBRENT","UK Brent Crude Oil","PF4","Spot Price FOB","RBRTE","Europe Brent Spot Price FOB (Dollars per Barrel)","78.46","$/BBL"
"2024-01-11","YCUOK","NA","EPCWTI","WTI Crude Oil","PF4","Spot Price FOB","RWTC","Cushing, OK WTI Spot Price FOB (Dollars per Barrel)","72.15","$/BBL"
"2024-01-11","ZEU","NA","EPCBRENT","UK Brent Crude Oil","PF4","Spot Price FOB","RBRTE","Europe Brent Spot Price FOB (Dollars per Barrel)","80.21","$/BBL"
"2024-01-12","YCUOK","NA","EPCWTI","WTI Crude Oil","PF4","Spot Price FOB","RWTC","Cushing, OK WTI Spot Price FOB (Dollars per Barrel)","72.94","$/BBL"
"2024-01-12","ZEU","NA","EPCBRENT","UK Brent Crude Oil","PF4","Spot Price FOB","RBRTE","Europe Brent Spot Price FOB (Dollars per Barrel)","79.89","$/BBL"
"2024-01-15","ZEU","NA","EPCBRENT","UK Brent Crude Oil","PF4","Spot Price FOB","RBRTE","Europe Brent Spot Price FOB (Dollars per Barrel)","79.76","$/BBL"
"2024-01-16","YCUOK","NA","EPCWTI","WTI Crude Oil","PF4","Spot Price FOB","RWTC","Cushing, OK WTI Spot Price FOB (Dollars per Barrel)","72.63","$/BBL"
"2024-01-16","ZEU","NA","EPCBRENT","UK Brent Crude Oil","PF4","Spot Price FOB","RBRTE","Europe Brent Spot Price FOB (Dollars per Barrel)","80.15","$/BBL"
"2024-01-17","YCUOK","NA","EPCWTI","WTI Crude Oil","PF4","Spot Price FOB","RWTC","Cushing, OK WTI Spot Price FOB (Dollars per Barrel)","72.79","$/BBL"
"2024-01-17","ZEU","NA","EPCBRENT","UK Brent Crude Oil","PF4","Spot Price FOB","RBRTE","Europe Brent Spot Price FOB (Dollars per Barrel)","78.88","$/BBL"
"2024-01-18","YCUOK","NA","EPCWTI","WTI Crude Oil","PF4","Spot Price FOB","RWTC","Cushing, OK WTI Spot Price FOB (Dollars per Barrel)","74.32","$/BBL"
"2024-01-18","ZEU","NA","EPCBRENT","UK Brent Crude Oil","PF4","Spot Price FOB","RBRTE","Europe Brent Spot Price FOB (Dollars per Barrel)","81.04","$/BBL"
"2024-01-19","YCUOK","NA","EPCWTI","WTI Crude Oil","PF4","Spot Price FOB","RWTC","Cushing, OK WTI Spot Price FOB (Dollars per Barrel)","73.69","$/BBL"
"2024-01-19","ZEU","NA","EPCBRENT","UK Brent Crude Oil","PF4","Spot Price FOB","RBRTE","Europe Brent Spot Price FOB (Dollars per Barrel)","80.71","$/BBL"
"2024-01-22","YCUOK","NA","EPCWTI","WTI Crude Oil","PF4","Spot Price FOB","RWTC","Cushing, OK WTI Spot Price FOB (Dollars per Barrel)","75.26","$/BBL"
"2024-01-22","ZEU","NA","EPCBRENT","UK Brent Crude Oil","PF4","Spot Price FOB","RBRTE","Europe Brent Spot Price FOB (Dollars per Barrel)","81.7","$/BBL"
"2024-01-23","YCUOK","NA","EPCWTI","WTI Crude Oil","PF4","Spot Price FOB","RWTC","Cushing, OK WTI Spot Price FOB (Dollars per Barrel)","74.72","$/BBL"
"2024-01-23","ZEU","NA","EPCBRENT","UK Brent Crude Oil","PF4","Spot Price FOB","RBRTE","Europe Brent Spot Price FOB (Dollars per Barrel)","82.04","$/BBL"
"2024-01-24","YCUOK","NA","EPCWTI","WTI Crude Oil","PF4","Spot Price FOB","RWTC","Cushing, OK WTI Spot Price FOB (Dollars per Barrel)","75.48","$/BBL"
"2024-01-24","ZEU","NA","EPCBRENT","UK Brent Crude Oil","PF4","Spot Price FOB","RBRTE","Europe Brent Spot Price FOB (Dollars per Barrel)","82.15","$/BBL"
"2024-01-25","YCUOK","NA","EPCWTI","WTI Crude Oil","PF4","Spot Price FOB","RWTC","Cushing, OK WTI Spot Price FOB (Dollars per Barrel)","77.91","$/BBL"
"2024-01-25","ZEU","NA","EPCBRENT","UK Brent Crude Oil","PF4","Spot Price FOB","RBRTE","Europe Brent Spot Price FOB (Dollars per Barrel)","82.33","$/BBL"
"2024-01-26","YCUOK","NA","EPCWTI","WTI Crude Oil","PF4","Spot Price FOB","RWTC","Cushing, OK WTI Spot Price FOB (Dollars per Barrel)","78.45","$/BBL"
"2024-01-26","ZEU","NA","EPCBRENT","UK Brent Crude Oil","PF4","Spot Price FOB","RBRTE","Europe Brent Spot Price FOB (Dollars per Barrel)","83.34","$/BBL"
"2024-01-29","YCUOK","NA","EPCWTI","WTI Crude Oil","PF4","Spot Price FOB","RWTC","Cushing, OK WTI Spot Price FOB (Dollars per Barrel)","77.25","$/BBL"
"2024-01-29","ZEU","NA","EPCBRENT","UK Brent Crude Oil","PF4","Spot Price FOB","RBRTE","Europe Brent Spot Price FOB (Dollars per Barrel)","83.99","$/BBL"
"2024-01-30","YCUOK","NA","EPCWTI","WTI Crude Oil","PF4","Spot Price FOB","RWTC","Cushing, OK WTI Spot Price FOB (Dollars per Barrel)","78.3","$/BBL"
"2024-01-30","ZEU","NA","EPCBRENT","UK Brent Crude Oil","PF4","Spot Price FOB","RBRTE","Europe Brent Spot Price FOB (Dollars per Barrel)","84.14","$/BBL"
"2024-01-31","YCUOK","NA","EPCWTI","WTI Crude Oil","PF4","Spot Price FOB","RWTC","Cushing, OK WTI Spot Price FOB (Dollars per Barrel)","76.28","$/BBL"
"2024-01-31","ZEU","NA","EPCBRENT","UK Brent Crude Oil","PF4","Spot Price FOB","RBRTE","Europe Brent Spot Price FOB (Dollars per Barrel)","82.98","$/BBL"
"2024-02-01","YCUOK","NA","EPCWTI","WTI Crude Oil","PF4","Spot Price FOB","RWTC","Cushing, OK WTI Spot Price FOB (Dollars per Barrel)","74.36","$/BBL"
"2024-02-01","ZEU","NA","EPCBRENT","UK Brent Crude Oil","PF4","Spot Price FOB","RBRTE","Europe Brent Spot Price FOB (Dollars per Barrel)","82.2","$/BBL"
"2024-02-02","YCUOK","NA","EPCWTI","WTI Crude Oil","PF4","Spot Price FOB","RWTC","Cushing, OK WTI Spot Price FOB (Dollars per Barrel)","72.72","$/BBL"
"2024-02-02","ZEU","NA","EPCBRENT","UK Brent Crude Oil","PF4","Spot Price FOB","RBRTE","Europe Brent Spot Price FOB (Dollars per Barrel)","79.54","$/BBL"
"2024-02-05","YCUOK","NA","EPCWTI","WTI Crude Oil","PF4","Spot Price FOB","RWTC","Cushing, OK WTI Spot Price FOB (Dollars per Barrel)","73.21","$/BBL"
"2024-02-05","ZEU","NA","EPCBRENT","UK Brent Crude Oil","PF4","Spot Price FOB","RBRTE","Europe Brent Spot Price FOB (Dollars per Barrel)","79.3","$/BBL"
"2024-02-07","YCUOK","NA","EPCWTI","WTI Crude Oil","PF4","Spot Price FOB","RWTC","Cushing, OK WTI Spot Price FOB (Dollars per Barrel)","74.26","$/BBL"
"2024-02-07","ZEU","NA","EPCBRENT","UK Brent Crude Oil","PF4","Spot Price FOB","RBRTE","Europe Brent Spot Price FOB (Dollars per Barrel)","81.18","$/BBL"
"2024-02-08","YCUOK","NA","EPCWTI","WTI Crude Oil","PF4","Spot Price FOB","RWTC","Cushing, OK WTI Spot Price FOB (Dollars per Barrel)","76.67","$/BBL"
"2024-02-08","ZEU","NA","EPCBRENT","UK Brent Crude Oil","PF4","Spot Price FOB","RBRTE","Europe Brent Spot Price FOB (Dollars per Barrel)","83.01","$/BBL"
"2024-02-09","YCUOK","NA","EPCWTI","WTI Crude Oil","PF4","Spot Price FOB","RWTC","Cushing, OK WTI Spot Price FOB (Dollars per Barrel)","77.26","$/BBL"
"2024-02-09","ZEU","NA","EPCBRENT","UK Brent Crude Oil","PF4","Spot Price FOB","RBRTE","Europe Brent Spot Price FOB (Dollars per Barrel)","83.58","$/BBL"
"2024-02-12","YCUOK","NA","EPCWTI","WTI Crude Oil","PF4","Spot Price FOB","RWTC","Cushing, OK WTI Spot Price FOB (Dollars per Barrel)","77.34","$/BBL"
"2024-02-12","ZEU","NA","EPCBRENT","UK Brent Crude Oil","PF4","Spot Price FOB","RBRTE","Europe Brent Spot Price FOB (Dollars per Barrel)","83.88","$/BBL"
"2024-02-13","YCUOK","NA","EPCWTI","WTI Crude Oil","PF4","Spot Price FOB","RWTC","Cushing, OK WTI Spot Price FOB (Dollars per Barrel)","78.28","$/BBL"
"2024-02-13","ZEU","NA","EPCBRENT","UK Brent Crude Oil","PF4","Spot Price FOB","RBRTE","Europe Brent Spot Price FOB (Dollars per Barrel)","84.72","$/BBL"
"2024-02-14","YCUOK","NA","EPCWTI","WTI Crude Oil","PF4","Spot Price FOB","RWTC","Cushing, OK WTI Spot Price FOB (Dollars per Barrel)","77.09","$/BBL"
"2024-02-14","ZEU","NA","EPCBRENT","UK Brent Crude Oil","PF4","Spot Price FOB","RBRTE","Europe Brent Spot Price FOB (Dollars per Barrel)","84.41","$/BBL"
"2024-02-15","YCUOK","NA","EPCWTI","WTI Crude Oil","PF4","Spot Price FOB","RWTC","Cushing, OK WTI Spot Price FOB (Dollars per Barrel)","78.47","$/BBL"
"2024-02-15","ZEU","NA","EPCBRENT","UK Brent Crude Oil","PF4","Spot Price FOB","RBRTE","Europe Brent Spot Price FOB (Dollars per Barrel)","84.33","$/BBL"
"2024-02-16","YCUOK","NA","EPCWTI","WTI Crude Oil","PF4","Spot Price FOB","RWTC","Cushing, OK WTI Spot Price FOB (Dollars per Barrel)","79.65","$/BBL"
"2024-02-16","ZEU","NA","EPCBRENT","UK Brent Crude Oil","PF4","Spot Price FOB","RBRTE","Europe Brent Spot Price FOB (Dollars per Barrel)","84.88","$/BBL"
"2024-02-19","ZEU","NA","EPCBRENT","UK Brent Crude Oil","PF4","Spot Price FOB","RBRTE","Europe Brent Spot Price FOB (Dollars per Barrel)","85.52","$/BBL"
"2024-02-20","YCUOK","NA","EPCWTI","WTI Crude Oil","PF4","Spot Price FOB","RWTC","Cushing, OK WTI Spot Price FOB (Dollars per Barrel)","78.72","$/BBL"
"2024-02-20","ZEU","NA","EPCBRENT","UK Brent Crude Oil","PF4","Spot Price FOB","RBRTE","Europe Brent Spot Price FOB (Dollars per Barrel)","84.78","$/BBL"
"2024-02-21","YCUOK","NA","EPCWTI","WTI Crude Oil","PF4","Spot Price FOB","RWTC","Cushing, OK WTI Spot Price FOB (Dollars per Barrel)","78.89","$/BBL"
"2024-02-21","ZEU","NA","EPCBRENT","UK Brent Crude Oil","PF4","Spot Price FOB","RBRTE","Europe Brent Spot Price FOB (Dollars per Barrel)","84.77","$/BBL"
"2024-02-22","YCUOK","NA","EPCWTI","WTI Crude Oil","PF4","Spot Price FOB","RWTC","Cushing, OK WTI Spot Price FOB (Dollars per Barrel)","79.64","$/BBL"
"2024-02-22","ZEU","NA","EPCBRENT","UK Brent Crude Oil","PF4","Spot Price FOB","RBRTE","Europe Brent Spot Price FOB (Dollars per Barrel)","85.84","$/BBL"
"2024-02-23","YCUOK","NA","EPCWTI","WTI Crude Oil","PF4","Spot Price FOB","RWTC","Cushing, OK WTI Spot Price FOB (Dollars per Barrel)","77.6","$/BBL"
"2024-02-23","ZEU","NA","EPCBRENT","UK Brent Crude Oil","PF4","Spot Price FOB","RBRTE","Europe Brent Spot Price FOB (Dollars per Barrel)","84.18","$/BBL"
"2024-02-26","YCUOK","NA","EPCWTI","WTI Crude Oil","PF4","Spot Price FOB","RWTC","Cushing, OK WTI Spot Price FOB (Dollars per Barrel)","78.53","$/BBL"
"2024-02-26","ZEU","NA","EPCBRENT","UK Brent Crude Oil","PF4","Spot Price FOB","RBRTE","Europe Brent Spot Price FOB (Dollars per Barrel)","84.01","$/BBL"
"2024-02-27","YCUOK","NA","EPCWTI","WTI Crude Oil","PF4","Spot Price FOB","RWTC","Cushing, OK WTI Spot Price FOB (Dollars per Barrel)","79.8","$/BBL"
"2024-02-27","ZEU","NA","EPCBRENT","UK Brent Crude Oil","PF4","Spot Price FOB","RBRTE","Europe Brent Spot Price FOB (Dollars per Barrel)","83.8","$/BBL"
"2024-02-28","YCUOK","NA","EPCWTI","WTI Crude Oil","PF4","Spot Price FOB","RWTC","Cushing, OK WTI Spot Price FOB (Dollars per Barrel)","79.44","$/BBL"
"2024-02-28","ZEU","NA","EPCBRENT","UK Brent Crude Oil","PF4","Spot Price FOB","RBRTE","Europe Brent Spot Price FOB (Dollars per Barrel)","84.08","$/BBL"
"2024-02-29","YCUOK","NA","EPCWTI","WTI Crude Oil","PF4","Spot Price FOB","RWTC","Cushing, OK WTI Spot Price FOB (Dollars per Barrel)","79.22","$/BBL"
"2024-02-29","ZEU","NA","EPCBRENT","UK Brent Crude Oil","PF4","Spot Price FOB","RBRTE","Europe Brent Spot Price FOB (Dollars per Barrel)","84.57","$/BBL"
"2024-03-01","YCUOK","NA","EPCWTI","WTI Crude Oil","PF4","Spot Price FOB","RWTC","Cushing, OK WTI Spot Price FOB (Dollars per Barrel)","80.9","$/BBL"
"2024-03-01","ZEU","NA","EPCBRENT","UK Brent Crude Oil","PF4","Spot Price FOB","RBRTE","Europe Brent Spot Price FOB (Dollars per Barrel)","84.82","$/BBL"
"2024-03-04","YCUOK","NA","EPCWTI","WTI Crude Oil","PF4","Spot Price FOB","RWTC","Cushing, OK WTI Spot Price FOB (Dollars per Barrel)","79.67","$/BBL"
"2024-03-04","ZEU","NA","EPCBRENT","UK Brent Crude Oil","PF4","Spot Price FOB","RBRTE","Europe Brent Spot Price FOB (Dollars per Barrel)","86.58","$/BBL"
"2024-03-05","YCUOK","NA","EPCWTI","WTI Crude Oil","PF4","Spot Price FOB","RWTC","Cushing, OK WTI Spot Price FOB (Dollars per Barrel)","79.11","$/BBL"
"2024-03-05","ZEU","NA","EPCBRENT","UK Brent Crude Oil","PF4","Spot Price FOB","RBRTE","Europe Brent Spot Price FOB (Dollars per Barrel)","85.82","$/BBL"
"2024-03-06","YCUOK","NA","EPCWTI","WTI Crude Oil","PF4","Spot Price FOB","RWTC","Cushing, OK WTI Spot Price FOB (Dollars per Barrel)","80.08","$/BBL"
"2024-03-06","ZEU","NA","EPCBRENT","UK Brent Crude Oil","PF4","Spot Price FOB","RBRTE","Europe Brent Spot Price FOB (Dollars per Barrel)","86.59","$/BBL"
"2024-03-07","YCUOK","NA","EPCWTI","WTI Crude Oil","PF4","Spot Price FOB","RWTC","Cushing, OK WTI Spot Price FOB (Dollars per Barrel)","79.81","$/BBL"
"2024-03-07","ZEU","NA","EPCBRENT","UK Brent Crude Oil","PF4","Spot Price FOB","RBRTE","Europe Brent Spot Price FOB (Dollars per Barrel)","84.88","$/BBL"
"2024-03-08","YCUOK","NA","EPCWTI","WTI Crude Oil","PF4","Spot Price FOB","RWTC","Cushing, OK WTI Spot Price FOB (Dollars per Barrel)","78.96","$/BBL"
"2024-03-08","ZEU","NA","EPCBRENT","UK Brent Crude Oil","PF4","Spot Price FOB","RBRTE","Europe Brent Spot Price FOB (Dollars per Barrel)","84.29","$/BBL"
"2024-03-11","YCUOK","NA","EPCWTI","WTI Crude Oil","PF4","Spot Price FOB","RWTC","Cushing, OK WTI Spot Price FOB (Dollars per Barrel)","78.87","$/BBL"
"2024-03-11","ZEU","NA","EPCBRENT","UK Brent Crude Oil","PF4","Spot Price FOB","RBRTE","Europe Brent Spot Price FOB (Dollars per Barrel)","83.44","$/BBL"
"2024-03-12","YCUOK","NA","EPCWTI","WTI Crude Oil","PF4","Spot Price FOB","RWTC","Cushing, OK WTI Spot Price FOB (Dollars per Barrel)","78.51","$/BBL"
"2024-03-12","ZEU","NA","EPCBRENT","UK Brent Crude Oil","PF4","Spot Price FOB","RBRTE","Europe Brent Spot Price FOB (Dollars per Barrel)","83.66","$/BBL"
"2024-03-13","YCUOK","NA","EPCWTI","WTI Crude Oil","PF4","Spot Price FOB","RWTC","Cushing, OK WTI Spot Price FOB (Dollars per Barrel)","80.67","$/BBL"
"2024-03-13","ZEU","NA","EPCBRENT","UK Brent Crude Oil","PF4","Spot Price FOB","RBRTE","Europe Brent Spot Price FOB (Dollars per Barrel)","83.95","$/BBL"
"2024-03-14","YCUOK","NA","EPCWTI","WTI Crude Oil","PF4","Spot Price FOB","RWTC","Cushing, OK WTI Spot Price FOB (Dollars per Barrel)","82.16","$/BBL"
"2024-03-14","ZEU","NA","EPCBRENT","UK Brent Crude Oil","PF4","Spot Price FOB","RBRTE","Europe Brent Spot Price FOB (Dollars per Barrel)","86.16","$/BBL"
"2024-03-15","YCUOK","NA","EPCWTI","WTI Crude Oil","PF4","Spot Price FOB","RWTC","Cushing, OK WTI Spot Price FOB (Dollars per Barrel)","81.94","$/BBL"
"2024-03-15","ZEU","NA","EPCBRENT","UK Brent Crude Oil","PF4","Spot Price FOB","RBRTE","Europe Brent Spot Price FOB (Dollars per Barrel)","85.39","$/BBL"
"2024-03-18","YCUOK","NA","EPCWTI","WTI Crude Oil","PF4","Spot Price FOB","RWTC","Cushing, OK WTI Spot Price FOB (Dollars per Barrel)","83.68","$/BBL"
"2024-03-18","ZEU","NA","EPCBRENT","UK Brent Crude Oil","PF4","Spot Price FOB","RBRTE","Europe Brent Spot Price FOB (Dollars per Barrel)","86.47","$/BBL"
"2024-03-19","YCUOK","NA","EPCWTI","WTI Crude Oil","PF4","Spot Price FOB","RWTC","Cushing, OK WTI Spot Price FOB (Dollars per Barrel)","84.39","$/BBL"
"2024-03-19","ZEU","NA","EPCBRENT","UK Brent Crude Oil","PF4","Spot Price FOB","RBRTE","Europe Brent Spot Price FOB (Dollars per Barrel)","87.36","$/BBL"
"2024-03-20","YCUOK","NA","EPCWTI","WTI Crude Oil","PF4","Spot Price FOB","RWTC","Cushing, OK WTI Spot Price FOB (Dollars per Barrel)","82.79","$/BBL"
"2024-03-20","ZEU","NA","EPCBRENT","UK Brent Crude Oil","PF4","Spot Price FOB","RBRTE","Europe Brent Spot Price FOB (Dollars per Barrel)","85.77","$/BBL"
"2024-03-21","YCUOK","NA","EPCWTI","WTI Crude Oil","PF4","Spot Price FOB","RWTC","Cushing, OK WTI Spot Price FOB (Dollars per Barrel)","81.99","$/BBL"
"2024-03-21","ZEU","NA","EPCBRENT","UK Brent Crude Oil","PF4","Spot Price FOB","RBRTE","Europe Brent Spot Price FOB (Dollars per Barrel)","84.92","$/BBL"
"2024-03-22","YCUOK","NA","EPCWTI","WTI Crude Oil","PF4","Spot Price FOB","RWTC","Cushing, OK WTI Spot Price FOB (Dollars per Barrel)","81.1","$/BBL"
"2024-03-22","ZEU","NA","EPCBRENT","UK Brent Crude Oil","PF4","Spot Price FOB","RBRTE","Europe Brent Spot Price FOB (Dollars per Barrel)","84.87","$/BBL"
"2024-03-25","YCUOK","NA","EPCWTI","WTI Crude Oil","PF4","Spot Price FOB","RWTC","Cushing, OK WTI Spot Price FOB (Dollars per Barrel)","82.41","$/BBL"
"2024-03-25","ZEU","NA","EPCBRENT","UK Brent Crude Oil","PF4","Spot Price FOB","RBRTE","Europe Brent Spot Price FOB (Dollars per Barrel)","86.18","$/BBL"
"2024-03-26","YCUOK","NA","EPCWTI","WTI Crude Oil","PF4","Spot Price FOB","RWTC","Cushing, OK WTI Spot Price FOB (Dollars per Barrel)","82.41","$/BBL"
"2024-03-26","ZEU","NA","EPCBRENT","UK Brent Crude Oil","PF4","Spot Price FOB","RBRTE","Europe Brent Spot Price FOB (Dollars per Barrel)","85.91","$/BBL"
"2024-03-27","YCUOK","NA","EPCWTI","WTI Crude Oil","PF4","Spot Price FOB","RWTC","Cushing, OK WTI Spot Price FOB (Dollars per Barrel)","82.15","$/BBL"
"2024-03-27","ZEU","NA","EPCBRENT","UK Brent Crude Oil","PF4","Spot Price FOB","RBRTE","Europe Brent Spot Price FOB (Dollars per Barrel)","84.94","$/BBL"
"2024-03-28","YCUOK","NA","EPCWTI","WTI Crude Oil","PF4","Spot Price FOB","RWTC","Cushing, OK WTI Spot Price FOB (Dollars per Barrel)","83.96","$/BBL"
"2024-03-28","ZEU","NA","EPCBRENT","UK Brent Crude Oil","PF4","Spot Price FOB","RBRTE","Europe Brent Spot Price FOB (Dollars per Barrel)","86.17","$/BBL"
"2024-04-01","YCUOK","NA","EPCWTI","WTI Crude Oil","PF4","Spot Price FOB","RWTC","Cushing, OK WTI Spot Price FOB (Dollars per Barrel)","84.54","$/BBL"
"2024-04-02","YCUOK","NA","EPCWTI","WTI Crude Oil","PF4","Spot Price FOB","RWTC","Cushing, OK WTI Spot Price FOB (Dollars per Barrel)","85.95","$/BBL"
"2024-04-02","ZEU","NA","EPCBRENT","UK Brent Crude Oil","PF4","Spot Price FOB","RBRTE","Europe Brent Spot Price FOB (Dollars per Barrel)","87.63","$/BBL"
"2024-04-03","YCUOK","NA","EPCWTI","WTI Crude Oil","PF4","Spot Price FOB","RWTC","Cushing, OK WTI Spot Price FOB (Dollars per Barrel)","86.22","$/BBL"
"2024-04-03","ZEU","NA","EPCBRENT","UK Brent Crude Oil","PF4","Spot Price FOB","RBRTE","Europe Brent Spot Price FOB (Dollars per Barrel)","90.6","$/BBL"
"2024-04-04","YCUOK","NA","EPCWTI","WTI Crude Oil","PF4","Spot Price FOB","RWTC","Cushing, OK WTI Spot Price FOB (Dollars per Barrel)","87.37","$/BBL"
"2024-04-04","ZEU","NA","EPCBRENT","UK Brent Crude Oil","PF4","Spot Price FOB","RBRTE","Europe Brent Spot Price FOB (Dollars per Barrel)","90.32","$/BBL"
"2024-04-05","YCUOK","NA","EPCWTI","WTI Crude Oil","PF4","Spot Price FOB","RWTC","Cushing, OK WTI Spot Price FOB (Dollars per Barrel)","87.69","$/BBL"
"2024-04-05","ZEU","NA","EPCBRENT","UK Brent Crude Oil","PF4","Spot Price FOB","RBRTE","Europe Brent Spot Price FOB (Dollars per Barrel)","92.81","$/BBL"
"2024-04-08","YCUOK","NA","EPCWTI","WTI Crude Oil","PF4","Spot Price FOB","RWTC","Cushing, OK WTI Spot Price FOB (Dollars per Barrel)","87.24","$/BBL"
"2024-04-08","ZEU","NA","EPCBRENT","UK Brent Crude Oil","PF4","Spot Price FOB","RBRTE","Europe Brent Spot Price FOB (Dollars per Barrel)","91.73","$/BBL"
"2024-04-09","YCUOK","NA","EPCWTI","WTI Crude Oil","PF4","Spot Price FOB","RWTC","Cushing, OK WTI Spot Price FOB (Dollars per Barrel)","86.04","$/BBL"
"2024-04-09","ZEU","NA","EPCBRENT","UK Brent Crude Oil","PF4","Spot Price FOB","RBRTE","Europe Brent Spot Price FOB (Dollars per Barrel)","92.13","$/BBL"
"2024-04-10","YCUOK","NA","EPCWTI","WTI Crude Oil","PF4","Spot Price FOB","RWTC","Cushing, OK WTI Spot Price FOB (Dollars per Barrel)","86.98","$/BBL"
"2024-04-10","ZEU","NA","EPCBRENT","UK Brent Crude Oil","PF4","Spot Price FOB","RBRTE","Europe Brent Spot Price FOB (Dollars per Barrel)","91.57","$/BBL"
"2024-04-11","YCUOK","NA","EPCWTI","WTI Crude Oil","PF4","Spot Price FOB","RWTC","Cushing, OK WTI Spot Price FOB (Dollars per Barrel)","85.79","$/BBL"
"2024-04-11","ZEU","NA","EPCBRENT","UK Brent Crude Oil","PF4","Spot Price FOB","RBRTE","Europe Brent Spot Price FOB (Dollars per Barrel)","91.49","$/BBL"
"2024-04-12","YCUOK","NA","EPCWTI","WTI Crude Oil","PF4","Spot Price FOB","RWTC","Cushing, OK WTI Spot Price FOB (Dollars per Barrel)","86.46","$/BBL"
"2024-04-12","ZEU","NA","EPCBRENT","UK Brent Crude Oil","PF4","Spot Price FOB","RBRTE","Europe Brent Spot Price FOB (Dollars per Barrel)","93.12","$/BBL"
"2024-04-15","YCUOK","NA","EPCWTI","WTI Crude Oil","PF4","Spot Price FOB","RWTC","Cushing, OK WTI Spot Price FOB (Dollars per Barrel)","86.21","$/BBL"
"2024-04-15","ZEU","NA","EPCBRENT","UK Brent Crude Oil","PF4","Spot Price FOB","RBRTE","Europe Brent Spot Price FOB (Dollars per Barrel)","90.84","$/BBL"
"2024-04-17","YCUOK","NA","EPCWTI","WTI Crude Oil","PF4","Spot Price FOB","RWTC","Cushing, OK WTI Spot Price FOB (Dollars per Barrel)","83.58","$/BBL"
"2024-04-17","ZEU","NA","EPCBRENT","UK Brent Crude Oil","PF4","Spot Price FOB","RBRTE","Europe Brent Spot Price FOB (Dollars per Barrel)","89.54","$/BBL"
"2024-04-18","YCUOK","NA","EPCWTI","WTI Crude Oil","PF4","Spot Price FOB","RWTC","Cushing, OK WTI Spot Price FOB (Dollars per Barrel)","83.5","$/BBL"
"2024-04-18","ZEU","NA","EPCBRENT","UK Brent Crude Oil","PF4","Spot Price FOB","RBRTE","Europe Brent Spot Price FOB (Dollars per Barrel)","88.34","$/BBL"
"2024-04-19","YCUOK","NA","EPCWTI","WTI Crude Oil","PF4","Spot Price FOB","RWTC","Cushing, OK WTI Spot Price FOB (Dollars per Barrel)","83.79","$/BBL"
"2024-04-19","ZEU","NA","EPCBRENT","UK Brent Crude Oil","PF4","Spot Price FOB","RBRTE","Europe Brent Spot Price FOB (Dollars per Barrel)","87.96","$/BBL"
"2024-04-22","YCUOK","NA","EPCWTI","WTI Crude Oil","PF4","Spot Price FOB","RWTC","Cushing, OK WTI Spot Price FOB (Dollars per Barrel)","83.82","$/BBL"
"2024-04-22","ZEU","NA","EPCBRENT","UK Brent Crude Oil","PF4","Spot Price FOB","RBRTE","Europe Brent Spot Price FOB (Dollars per Barrel)","87.3","$/BBL"
"2024-04-23","YCUOK","NA","EPCWTI","WTI Crude Oil","PF4","Spot Price FOB","RWTC","Cushing, OK WTI Spot Price FOB (Dollars per Barrel)","84.17","$/BBL"
"2024-04-23","ZEU","NA","EPCBRENT","UK Brent Crude Oil","PF4","Spot Price FOB","RBRTE","Europe Brent Spot Price FOB (Dollars per Barrel)","88.29","$/BBL"
"2024-04-24","YCUOK","NA","EPCWTI","WTI Crude Oil","PF4","Spot Price FOB","RWTC","Cushing, OK WTI Spot Price FOB (Dollars per Barrel)","84.09","$/BBL"
"2024-04-24","ZEU","NA","EPCBRENT","UK Brent Crude Oil","PF4","Spot Price FOB","RBRTE","Europe Brent Spot Price FOB (Dollars per Barrel)","89.02","$/BBL"
"2024-04-25","YCUOK","NA","EPCWTI","WTI Crude Oil","PF4","Spot Price FOB","RWTC","Cushing, OK WTI Spot Price FOB (Dollars per Barrel)","84.92","$/BBL"
"2024-04-25","ZEU","NA","EPCBRENT","UK Brent Crude Oil","PF4","Spot Price FOB","RBRTE","Europe Brent Spot Price FOB (Dollars per Barrel)","88.1","$/BBL"
"2024-04-26","YCUOK","NA","EPCWTI","WTI Crude Oil","PF4","Spot Price FOB","RWTC","Cushing, OK WTI Spot Price FOB (Dollars per Barrel)","85.38","$/BBL"
"2024-04-26","ZEU","NA","EPCBRENT","UK Brent Crude Oil","PF4","Spot Price FOB","RBRTE","Europe Brent Spot Price FOB (Dollars per Barrel)","89.95","$/BBL"
"2024-04-29","YCUOK","NA","EPCWTI","WTI Crude Oil","PF4","Spot Price FOB","RWTC","Cushing, OK WTI Spot Price FOB (Dollars per Barrel)","84.26","$/BBL"
"2024-04-29","ZEU","NA","EPCBRENT","UK Brent Crude Oil","PF4","Spot Price FOB","RBRTE","Europe Brent Spot Price FOB (Dollars per Barrel)","88.44","$/BBL"
"2024-04-30","YCUOK","NA","EPCWTI","WTI Crude Oil","PF4","Spot Price FOB","RWTC","Cushing, OK WTI Spot Price FOB (Dollars per Barrel)","83.49","$/BBL"
"2024-04-30","ZEU","NA","EPCBRENT","UK Brent Crude Oil","PF4","Spot Price FOB","RBRTE","Europe Brent Spot Price FOB (Dollars per Barrel)","88.23","$/BBL"
"2024-05-01","YCUOK","NA","EPCWTI","WTI Crude Oil","PF4","Spot Price FOB","RWTC","Cushing, OK WTI Spot Price FOB (Dollars per Barrel)","80.7","$/BBL"
"2024-05-01","ZEU","NA","EPCBRENT","UK Brent Crude Oil","PF4","Spot Price FOB","RBRTE","Europe Brent Spot Price FOB (Dollars per Barrel)","83.55","$/BBL"
"2024-05-02","YCUOK","NA","EPCWTI","WTI Crude Oil","PF4","Spot Price FOB","RWTC","Cushing, OK WTI Spot Price FOB (Dollars per Barrel)","80.59","$/BBL"
"2024-05-02","ZEU","NA","EPCBRENT","UK Brent Crude Oil","PF4","Spot Price FOB","RBRTE","Europe Brent Spot Price FOB (Dollars per Barrel)","84.81","$/BBL"
"2024-05-03","YCUOK","NA","EPCWTI","WTI Crude Oil","PF4","Spot Price FOB","RWTC","Cushing, OK WTI Spot Price FOB (Dollars per Barrel)","79.65","$/BBL"
"2024-05-03","ZEU","NA","EPCBRENT","UK Brent Crude Oil","PF4","Spot Price FOB","RBRTE","Europe Brent Spot Price FOB (Dollars per Barrel)","83.6","$/BBL"
"2024-05-06","YCUOK","NA","EPCWTI","WTI Crude Oil","PF4","Spot Price FOB","RWTC","Cushing, OK WTI Spot Price FOB (Dollars per Barrel)","80.1","$/BBL"
"2024-05-07","YCUOK","NA","EPCWTI","WTI Crude Oil","PF4","Spot Price FOB","RWTC","Cushing, OK WTI Spot Price FOB (Dollars per Barrel)","79.97","$/BBL"
"2024-05-07","ZEU","NA","EPCBRENT","UK Brent Crude Oil","PF4","Spot Price FOB","RBRTE","Europe Brent Spot Price FOB (Dollars per Barrel)","82.69","$/BBL"
"2024-05-08","YCUOK","NA","EPCWTI","WTI Crude Oil","PF4","Spot Price FOB","RWTC","Cushing, OK WTI Spot Price FOB (Dollars per Barrel)","80.57","$/BBL"
"2024-05-08","ZEU","NA","EPCBRENT","UK Brent Crude Oil","PF4","Spot Price FOB","RBRTE","Europe Brent Spot Price FOB (Dollars per Barrel)","82.44","$/BBL"
"2024-05-09","YCUOK","NA","EPCWTI","WTI Crude Oil","PF4","Spot Price FOB","RWTC","Cushing, OK WTI Spot Price FOB (Dollars per Barrel)","80.86","$/BBL"
"2024-05-09","ZEU","NA","EPCBRENT","UK Brent Crude Oil","PF4","Spot Price FOB","RBRTE","Europe Brent Spot Price FOB (Dollars per Barrel)","83.27","$/BBL"
"2024-05-10","YCUOK","NA","EPCWTI","WTI Crude Oil","PF4","Spot Price FOB","RWTC","Cushing, OK WTI Spot Price FOB (Dollars per Barrel)","79.81","$/BBL"
"2024-05-10","ZEU","NA","EPCBRENT","UK Brent Crude Oil","PF4","Spot Price FOB","RBRTE","Europe Brent Spot Price FOB (Dollars per Barrel)","83.39","$/BBL"
"2024-05-13","YCUOK","NA","EPCWTI","WTI Crude Oil","PF4","Spot Price FOB","RWTC","Cushing, OK WTI Spot Price FOB (Dollars per Barrel)","80.71","$/BBL"
"2024-05-13","ZEU","NA","EPCBRENT","UK Brent Crude Oil","PF4","Spot Price FOB","RBRTE","Europe Brent Spot Price FOB (Dollars per Barrel)","83.18","$/BBL"
"2024-05-14","YCUOK","NA","EPCWTI","WTI Crude Oil","PF4","Spot Price FOB","RWTC","Cushing, OK WTI Spot Price FOB (Dollars per Barrel)","79.62","$/BBL"
"2024-05-14","ZEU","NA","EPCBRENT","UK Brent Crude Oil","PF4","Spot Price FOB","RBRTE","Europe Brent Spot Price FOB (Dollars per Barrel)","81","$/BBL"
"2024-05-15","YCUOK","NA","EPCWTI","WTI Crude Oil","PF4","Spot Price FOB","RWTC","Cushing, OK WTI Spot Price FOB (Dollars per Barrel)","80.23","$/BBL"
"2024-05-15","ZEU","NA","EPCBRENT","UK Brent Crude Oil","PF4","Spot Price FOB","RBRTE","Europe Brent Spot Price FOB (Dollars per Barrel)","79.98","$/BBL"
"2024-05-16","YCUOK","NA","EPCWTI","WTI Crude Oil","PF4","Spot Price FOB","RWTC","Cushing, OK WTI Spot Price FOB (Dollars per Barrel)","80.85","$/BBL"
"2024-05-16","ZEU","NA","EPCBRENT","UK Brent Crude Oil","PF4","Spot Price FOB","RBRTE","Europe Brent Spot Price FOB (Dollars per Barrel)","81.65","$/BBL"
"2024-05-17","YCUOK","NA","EPCWTI","WTI Crude Oil","PF4","Spot Price FOB","RWTC","Cushing, OK WTI Spot Price FOB (Dollars per Barrel)","81.66","$/BBL"
"2024-05-17","ZEU","NA","EPCBRENT","UK Brent Crude Oil","PF4","Spot Price FOB","RBRTE","Europe Brent Spot Price FOB (Dollars per Barrel)","82.24","$/BBL"
"2024-05-20","YCUOK","NA","EPCWTI","WTI Crude Oil","PF4","Spot Price FOB","RWTC","Cushing, OK WTI Spot Price FOB (Dollars per Barrel)","81.39","$/BBL"
"2024-05-20","ZEU","NA","EPCBRENT","UK Brent Crude Oil","PF4","Spot Price FOB","RBRTE","Europe Brent Spot Price FOB (Dollars per Barrel)","81.91","$/BBL"
"2024-05-21","YCUOK","NA","EPCWTI","WTI Crude Oil","PF4","Spot Price FOB","RWTC","Cushing, OK WTI Spot Price FOB (Dollars per Barrel)","80.66","$/BBL"
"2024-05-21","ZEU","NA","EPCBRENT","UK Brent Crude Oil","PF4","Spot Price FOB","RBRTE","Europe Brent Spot Price FOB (Dollars per Barrel)","81.22","$/BBL"
"2024-05-22","YCUOK","NA","EPCWTI","WTI Crude Oil","PF4","Spot Price FOB","RWTC","Cushing, OK WTI Spot Price FOB (Dollars per Barrel)","79.15","$/BBL"
"2024-05-22","ZEU","NA","EPCBRENT","UK Brent Crude Oil","PF4","Spot Price FOB","RBRTE","Europe Brent Spot Price FOB (Dollars per Barrel)","79.9","$/BBL"
"2024-05-23","YCUOK","NA","EPCWTI","WTI Crude Oil","PF4","Spot Price FOB","RWTC","Cushing, OK WTI Spot Price FOB (Dollars per Barrel)","77.47","$/BBL"
"2024-05-23","ZEU","NA","EPCBRENT","UK Brent Crude Oil","PF4","Spot Price FOB","RBRTE","Europe Brent Spot Price FOB (Dollars per Barrel)","79.25","$/BBL"
"2024-05-24","YCUOK","NA","EPCWTI","WTI Crude Oil","PF4","Spot Price FOB","RWTC","Cushing, OK WTI Spot Price FOB (Dollars per Barrel)","78.48","$/BBL"
"2024-05-24","ZEU","NA","EPCBRENT","UK Brent Crude Oil","PF4","Spot Price FOB","RBRTE","Europe Brent Spot Price FOB (Dollars per Barrel)","78.92","$/BBL"
"2024-05-28","YCUOK","NA","EPCWTI","WTI Crude Oil","PF4","Spot Price FOB","RWTC","Cushing, OK WTI Spot Price FOB (Dollars per Barrel)","80.9","$/BBL"
"2024-05-28","ZEU","NA","EPCBRENT","UK Brent Crude Oil","PF4","Spot Price FOB","RBRTE","Europe Brent Spot Price FOB (Dollars per Barrel)","81.34","$/BBL"
"2024-05-29","YCUOK","NA","EPCWTI","WTI Crude Oil","PF4","Spot Price FOB","RWTC","Cushing, OK WTI Spot Price FOB (Dollars per Barrel)","80.24","$/BBL"
"2024-05-29","ZEU","NA","EPCBRENT","UK Brent Crude Oil","PF4","Spot Price FOB","RBRTE","Europe Brent Spot Price FOB (Dollars per Barrel)","81.5","$/BBL"
"2024-05-30","YCUOK","NA","EPCWTI","WTI Crude Oil","PF4","Spot Price FOB","RWTC","Cushing, OK WTI Spot Price FOB (Dollars per Barrel)","78.96","$/BBL"
"2024-05-30","ZEU","NA","EPCBRENT","UK Brent Crude Oil","PF4","Spot Price FOB","RBRTE","Europe Brent Spot Price FOB (Dollars per Barrel)","81.42","$/BBL"
"2024-05-31","YCUOK","NA","EPCWTI","WTI Crude Oil","PF4","Spot Price FOB","RWTC","Cushing, OK WTI Spot Price FOB (Dollars per Barrel)","77.97","$/BBL"
"2024-05-31","ZEU","NA","EPCBRENT","UK Brent Crude Oil","PF4","Spot Price FOB","RBRTE","Europe Brent Spot Price FOB (Dollars per Barrel)","79.41","$/BBL"
"2024-06-03","YCUOK","NA","EPCWTI","WTI Crude Oil","PF4","Spot Price FOB","RWTC","Cushing, OK WTI Spot Price FOB (Dollars per Barrel)","75.26","$/BBL"
"2024-06-03","ZEU","NA","EPCBRENT","UK Brent Crude Oil","PF4","Spot Price FOB","RBRTE","Europe Brent Spot Price FOB (Dollars per Barrel)","76.45","$/BBL"
"2024-06-04","YCUOK","NA","EPCWTI","WTI Crude Oil","PF4","Spot Price FOB","RWTC","Cushing, OK WTI Spot Price FOB (Dollars per Barrel)","74.27","$/BBL"
"2024-06-04","ZEU","NA","EPCBRENT","UK Brent Crude Oil","PF4","Spot Price FOB","RBRTE","Europe Brent Spot Price FOB (Dollars per Barrel)","75.33","$/BBL"
"2024-06-05","YCUOK","NA","EPCWTI","WTI Crude Oil","PF4","Spot Price FOB","RWTC","Cushing, OK WTI Spot Price FOB (Dollars per Barrel)","75.08","$/BBL"
"2024-06-05","ZEU","NA","EPCBRENT","UK Brent Crude Oil","PF4","Spot Price FOB","RBRTE","Europe Brent Spot Price FOB (Dollars per Barrel)","75.41","$/BBL"
"2024-06-06","YCUOK","NA","EPCWTI","WTI Crude Oil","PF4","Spot Price FOB","RWTC","Cushing, OK WTI Spot Price FOB (Dollars per Barrel)","76.52","$/BBL"
"2024-06-06","ZEU","NA","EPCBRENT","UK Brent Crude Oil","PF4","Spot Price FOB","RBRTE","Europe Brent Spot Price FOB (Dollars per Barrel)","77.62","$/BBL"
"2024-06-07","YCUOK","NA","EPCWTI","WTI Crude Oil","PF4","Spot Price FOB","RWTC","Cushing, OK WTI Spot Price FOB (Dollars per Barrel)","76.53","$/BBL"
"2024-06-07","ZEU","NA","EPCBRENT","UK Brent Crude Oil","PF4","Spot Price FOB","RBRTE","Europe Brent Spot Price FOB (Dollars per Barrel)","78.12","$/BBL"
"2024-06-10","YCUOK","NA","EPCWTI","WTI Crude Oil","PF4","Spot Price FOB","RWTC","Cushing, OK WTI Spot Price FOB (Dollars per Barrel)","78.75","$/BBL"
"2024-06-10","ZEU","NA","EPCBRENT","UK Brent Crude Oil","PF4","Spot Price FOB","RBRTE","Europe Brent Spot Price FOB (Dollars per Barrel)","79.59","$/BBL"
"2024-06-11","YCUOK","NA","EPCWTI","WTI Crude Oil","PF4","Spot Price FOB","RWTC","Cushing, OK WTI Spot Price FOB (Dollars per Barrel)","78.88","$/BBL"
"2024-06-11","ZEU","NA","EPCBRENT","UK Brent Crude Oil","PF4","Spot Price FOB","RBRTE","Europe Brent Spot Price FOB (Dollars per Barrel)","80.15","$/BBL"
"2024-06-12","YCUOK","NA","EPCWTI","WTI Crude Oil","PF4","Spot Price FOB","RWTC","Cushing, OK WTI Spot Price FOB (Dollars per Barrel)","79.56","$/BBL"
"2024-06-12","ZEU","NA","EPCBRENT","UK Brent Crude Oil","PF4","Spot Price FOB","RBRTE","Europe Brent Spot Price FOB (Dollars per Barrel)","80.52","$/BBL"
"2024-06-13","YCUOK","NA","EPCWTI","WTI Crude Oil","PF4","Spot Price FOB","RWTC","Cushing, OK WTI Spot Price FOB (Dollars per Barrel)","79.61","$/BBL"
"2024-06-13","ZEU","NA","EPCBRENT","UK Brent Crude Oil","PF4","Spot Price FOB","RBRTE","Europe Brent Spot Price FOB (Dollars per Barrel)","81.44","$/BBL"
"2024-06-14","YCUOK","NA","EPCWTI","WTI Crude Oil","PF4","Spot Price FOB","RWTC","Cushing, OK WTI Spot Price FOB (Dollars per Barrel)","79.41","$/BBL"
"2024-06-14","ZEU","NA","EPCBRENT","UK Brent Crude Oil","PF4","Spot Price FOB","RBRTE","Europe Brent Spot Price FOB (Dollars per Barrel)","81.49","$/BBL"
"2024-06-17","YCUOK","NA","EPCWTI","WTI Crude Oil","PF4","Spot Price FOB","RWTC","Cushing, OK WTI Spot Price FOB (Dollars per Barrel)","81.33","$/BBL"
"2024-06-17","ZEU","NA","EPCBRENT","UK Brent Crude Oil","PF4","Spot Price FOB","RBRTE","Europe Brent Spot Price FOB (Dollars per Barrel)","82.45","$/BBL"
"2024-06-18","YCUOK","NA","EPCWTI","WTI Crude Oil","PF4","Spot Price FOB","RWTC","Cushing, OK WTI Spot Price FOB (Dollars per Barrel)","82.67","$/BBL"
"2024-06-18","ZEU","NA","EPCBRENT","UK Brent Crude Oil","PF4","Spot Price FOB","RBRTE","Europe Brent Spot Price FOB (Dollars per Barrel)","84.79","$/BBL"
"2024-06-19","ZEU","NA","EPCBRENT","UK Brent Crude Oil","PF4","Spot Price FOB","RBRTE","Europe Brent Spot Price FOB (Dollars per Barrel)","85.64","$/BBL"
"2024-06-20","YCUOK","NA","EPCWTI","WTI Crude Oil","PF4","Spot Price FOB","RWTC","Cushing, OK WTI Spot Price FOB (Dollars per Barrel)","83.34","$/BBL"
"2024-06-20","ZEU","NA","EPCBRENT","UK Brent Crude Oil","PF4","Spot Price FOB","RBRTE","Europe Brent Spot Price FOB (Dollars per Barrel)","85.92","$/BBL"
"2024-06-21","YCUOK","NA","EPCWTI","WTI Crude Oil","PF4","Spot Price FOB","RWTC","Cushing, OK WTI Spot Price FOB (Dollars per Barrel)","81.71","$/BBL"
"2024-06-21","ZEU","NA","EPCBRENT","UK Brent Crude Oil","PF4","Spot Price FOB","RBRTE","Europe Brent Spot Price FOB (Dollars per Barrel)","86.42","$/BBL"
"2024-06-24","YCUOK","NA","EPCWTI","WTI Crude Oil","PF4","Spot Price FOB","RWTC","Cushing, OK WTI Spot Price FOB (Dollars per Barrel)","82.63","$/BBL"
"2024-06-24","ZEU","NA","EPCBRENT","UK Brent Crude Oil","PF4","Spot Price FOB","RBRTE","Europe Brent Spot Price FOB (Dollars per Barrel)","86.75","$/BBL"
"2024-06-25","YCUOK","NA","EPCWTI","WTI Crude Oil","PF4","Spot Price FOB","RWTC","Cushing, OK WTI Spot Price FOB (Dollars per Barrel)","81.97","$/BBL"
"2024-06-25","ZEU","NA","EPCBRENT","UK Brent Crude Oil","PF4","Spot Price FOB","RBRTE","Europe Brent Spot Price FOB (Dollars per Barrel)","86.81","$/BBL"
"2024-06-26","YCUOK","NA","EPCWTI","WTI Crude Oil","PF4","Spot Price FOB","RWTC","Cushing, OK WTI Spot Price FOB (Dollars per Barrel)","82.19","$/BBL"
"2024-06-26","ZEU","NA","EPCBRENT","UK Brent Crude Oil","PF4","Spot Price FOB","RBRTE","Europe Brent Spot Price FOB (Dollars per Barrel)","85.76","$/BBL"
"2024-06-27","YCUOK","NA","EPCWTI","WTI Crude Oil","PF4","Spot Price FOB","RWTC","Cushing, OK WTI Spot Price FOB (Dollars per Barrel)","83.04","$/BBL"
"2024-06-27","ZEU","NA","EPCBRENT","UK Brent Crude Oil","PF4","Spot Price FOB","RBRTE","Europe Brent Spot Price FOB (Dollars per Barrel)","87","$/BBL"
"2024-06-28","YCUOK","NA","EPCWTI","WTI Crude Oil","PF4","Spot Price FOB","RWTC","Cushing, OK WTI Spot Price FOB (Dollars per Barrel)","82.83","$/BBL"
"2024-06-28","ZEU","NA","EPCBRENT","UK Brent Crude Oil","PF4","Spot Price FOB","RBRTE","Europe Brent Spot Price FOB (Dollars per Barrel)","87.26","$/BBL"
"2024-07-01","YCUOK","NA","EPCWTI","WTI Crude Oil","PF4","Spot Price FOB","RWTC","Cushing, OK WTI Spot Price FOB (Dollars per Barrel)","84.7","$/BBL"
"2024-07-01","ZEU","NA","EPCBRENT","UK Brent Crude Oil","PF4","Spot Price FOB","RBRTE","Europe Brent Spot Price FOB (Dollars per Barrel)","86.57","$/BBL"
"2024-07-02","YCUOK","NA","EPCWTI","WTI Crude Oil","PF4","Spot Price FOB","RWTC","Cushing, OK WTI Spot Price FOB (Dollars per Barrel)","84.09","$/BBL"
"2024-07-02","ZEU","NA","EPCBRENT","UK Brent Crude Oil","PF4","Spot Price FOB","RBRTE","Europe Brent Spot Price FOB (Dollars per Barrel)","88.28","$/BBL"
"2024-07-03","YCUOK","NA","EPCWTI","WTI Crude Oil","PF4","Spot Price FOB","RWTC","Cushing, OK WTI Spot Price FOB (Dollars per Barrel)","85.19","$/BBL"
"2024-07-03","ZEU","NA","EPCBRENT","UK Brent Crude Oil","PF4","Spot Price FOB","RBRTE","Europe Brent Spot Price FOB (Dollars per Barrel)","88.25","$/BBL"
"2024-07-04","ZEU","NA","EPCBRENT","UK Brent Crude Oil","PF4","Spot Price FOB","RBRTE","Europe Brent Spot Price FOB (Dollars per Barrel)","88.34","$/BBL"
"2024-07-05","YCUOK","NA","EPCWTI","WTI Crude Oil","PF4","Spot Price FOB","RWTC","Cushing, OK WTI Spot Price FOB (Dollars per Barrel)","84.44","$/BBL"
"2024-07-05","ZEU","NA","EPCBRENT","UK Brent Crude Oil","PF4","Spot Price FOB","RBRTE","Europe Brent Spot Price FOB (Dollars per Barrel)","88.66","$/BBL"
"2024-07-08","YCUOK","NA","EPCWTI","WTI Crude Oil","PF4","Spot Price FOB","RWTC","Cushing, OK WTI Spot Price FOB (Dollars per Barrel)","83.63","$/BBL"
"2024-07-08","ZEU","NA","EPCBRENT","UK Brent Crude Oil","PF4","Spot Price FOB","RBRTE","Europe Brent Spot Price FOB (Dollars per Barrel)","87.15","$/BBL"
"2024-07-09","YCUOK","NA","EPCWTI","WTI Crude Oil","PF4","Spot Price FOB","RWTC","Cushing, OK WTI Spot Price FOB (Dollars per Barrel)","82.78","$/BBL"
"2024-07-09","ZEU","NA","EPCBRENT","UK Brent Crude Oil","PF4","Spot Price FOB","RBRTE","Europe Brent Spot Price FOB (Dollars per Barrel)","86.48","$/BBL"
"2024-07-10","YCUOK","NA","EPCWTI","WTI Crude Oil","PF4","Spot Price FOB","RWTC","Cushing, OK WTI Spot Price FOB (Dollars per Barrel)","83.39","$/BBL"
"2024-07-10","ZEU","NA","EPCBRENT","UK Brent Crude Oil","PF4","Spot Price FOB","RBRTE","Europe Brent Spot Price FOB (Dollars per Barrel)","86.55","$/BBL"
"2024-07-11","YCUOK","NA","EPCWTI","WTI Crude Oil","PF4","Spot Price FOB","RWTC","Cushing, OK WTI Spot Price FOB (Dollars per Barrel)","83.92","$/BBL"
"2024-07-11","ZEU","NA","EPCBRENT","UK Brent Crude Oil","PF4","Spot Price FOB","RBRTE","Europe Brent Spot Price FOB (Dollars per Barrel)","86.49","$/BBL"
"2024-07-12","YCUOK","NA","EPCWTI","WTI Crude Oil","PF4","Spot Price FOB","RWTC","Cushing, OK WTI Spot Price FOB (Dollars per Barrel)","83.49","$/BBL"
"2024-07-12","ZEU","NA","EPCBRENT","UK Brent Crude Oil","PF4","Spot Price FOB","RBRTE","Europe Brent Spot Price FOB (Dollars per Barrel)","87.35","$/BBL"
"2024-07-15","YCUOK","NA","EPCWTI","WTI Crude Oil","PF4","Spot Price FOB","RWTC","Cushing, OK WTI Spot Price FOB (Dollars per Barrel)","83.22","$/BBL"
"2024-07-15","ZEU","NA","EPCBRENT","UK Brent Crude Oil","PF4","Spot Price FOB","RBRTE","Europe Brent Spot Price FOB (Dollars per Barrel)","86.42","$/BBL"
"2024-07-16","YCUOK","NA","EPCWTI","WTI Crude Oil","PF4","Spot Price FOB","RWTC","Cushing, OK WTI Spot Price FOB (Dollars per Barrel)","81.92","$/BBL"
"2024-07-16","ZEU","NA","EPCBRENT","UK Brent Crude Oil","PF4","Spot Price FOB","RBRTE","Europe Brent Spot Price FOB (Dollars per Barrel)","86.6","$/BBL"
"2024-07-17","YCUOK","NA","EPCWTI","WTI Crude Oil","PF4","Spot Price FOB","RWTC","Cushing, OK WTI Spot Price FOB (Dollars per Barrel)","84.16","$/BBL"
"2024-07-17","ZEU","NA","EPCBRENT","UK Brent Crude Oil","PF4","Spot Price FOB","RBRTE","Europe Brent Spot Price FOB (Dollars per Barrel)","85.76","$/BBL"
"2024-07-18","YCUOK","NA","EPCWTI","WTI Crude Oil","PF4","Spot Price FOB","RWTC","Cushing, OK WTI Spot Price FOB (Dollars per Barrel)","84.17","$/BBL"
"2024-07-18","ZEU","NA","EPCBRENT","UK Brent Crude Oil","PF4","Spot Price FOB","RBRTE","Europe Brent Spot Price FOB (Dollars per Barrel)","86.26","$/BBL"
"2024-07-19","YCUOK","NA","EPCWTI","WTI Crude Oil","PF4","Spot Price FOB","RWTC","Cushing, OK WTI Spot Price FOB (Dollars per Barrel)","81.43","$/BBL"
"2024-07-19","ZEU","NA","EPCBRENT","UK Brent Crude Oil","PF4","Spot Price FOB","RBRTE","Europe Brent Spot Price FOB (Dollars per Barrel)","85.19","$/BBL"
"2024-07-22","YCUOK","NA","EPCWTI","WTI Crude Oil","PF4","Spot Price FOB","RWTC","Cushing, OK WTI Spot Price FOB (Dollars per Barrel)","81.25","$/BBL"
"2024-07-22","ZEU","NA","EPCBRENT","UK Brent Crude Oil","PF4","Spot Price FOB","RBRTE","Europe Brent Spot Price FOB (Dollars per Barrel)","83.44","$/BBL"
"2024-07-23","YCUOK","NA","EPCWTI","WTI Crude Oil","PF4","Spot Price FOB","RWTC","Cushing, OK WTI Spot Price FOB (Dollars per Barrel)","78.24","$/BBL"
"2024-07-23","ZEU","NA","EPCBRENT","UK Brent Crude Oil","PF4","Spot Price FOB","RBRTE","Europe Brent Spot Price FOB (Dollars per Barrel)","82.2","$/BBL"
"2024-07-24","YCUOK","NA","EPCWTI","WTI Crude Oil","PF4","Spot Price FOB","RWTC","Cushing, OK WTI Spot Price FOB (Dollars per Barrel)","78.78","$/BBL"
"2024-07-24","ZEU","NA","EPCBRENT","UK Brent Crude Oil","PF4","Spot Price FOB","RBRTE","Europe Brent Spot Price FOB (Dollars per Barrel)","83.01","$/BBL"
"2024-07-25","YCUOK","NA","EPCWTI","WTI Crude Oil","PF4","Spot Price FOB","RWTC","Cushing, OK WTI Spot Price FOB (Dollars per Barrel)","79.43","$/BBL"
"2024-07-25","ZEU","NA","EPCBRENT","UK Brent Crude Oil","PF4","Spot Price FOB","RBRTE","Europe Brent Spot Price FOB (Dollars per Barrel)","82.58","$/BBL"
"2024-07-26","YCUOK","NA","EPCWTI","WTI Crude Oil","PF4","Spot Price FOB","RWTC","Cushing, OK WTI Spot Price FOB (Dollars per Barrel)","78.58","$/BBL"
"2024-07-26","ZEU","NA","EPCBRENT","UK Brent Crude Oil","PF4","Spot Price FOB","RBRTE","Europe Brent Spot Price FOB (Dollars per Barrel)","81.35","$/BBL"
"2024-07-29","YCUOK","NA","EPCWTI","WTI Crude Oil","PF4","Spot Price FOB","RWTC","Cushing, OK WTI Spot Price FOB (Dollars per Barrel)","77.27","$/BBL"
"2024-07-29","ZEU","NA","EPCBRENT","UK Brent Crude Oil","PF4","Spot Price FOB","RBRTE","Europe Brent Spot Price FOB (Dollars per Barrel)","80.94","$/BBL"
"2024-07-30","YCUOK","NA","EPCWTI","WTI Crude Oil","PF4","Spot Price FOB","RWTC","Cushing, OK WTI Spot Price FOB (Dollars per Barrel)","76.17","$/BBL"
"2024-07-30","ZEU","NA","EPCBRENT","UK Brent Crude Oil","PF4","Spot Price FOB","RBRTE","Europe Brent Spot Price FOB (Dollars per Barrel)","79.26","$/BBL"
"2024-07-31","YCUOK","NA","EPCWTI","WTI Crude Oil","PF4","Spot Price FOB","RWTC","Cushing, OK WTI Spot Price FOB (Dollars per Barrel)","79.36","$/BBL"
"2024-07-31","ZEU","NA","EPCBRENT","UK Brent Crude Oil","PF4","Spot Price FOB","RBRTE","Europe Brent Spot Price FOB (Dollars per Barrel)","81.39","$/BBL"
"2024-08-01","YCUOK","NA","EPCWTI","WTI Crude Oil","PF4","Spot Price FOB","RWTC","Cushing, OK WTI Spot Price FOB (Dollars per Barrel)","77.74","$/BBL"
"2024-08-01","ZEU","NA","EPCBRENT","UK Brent Crude Oil","PF4","Spot Price FOB","RBRTE","Europe Brent Spot Price FOB (Dollars per Barrel)","81.37","$/BBL"
"2024-08-02","YCUOK","NA","EPCWTI","WTI Crude Oil","PF4","Spot Price FOB","RWTC","Cushing, OK WTI Spot Price FOB (Dollars per Barrel)","74.99","$/BBL"
"2024-08-02","ZEU","NA","EPCBRENT","UK Brent Crude Oil","PF4","Spot Price FOB","RBRTE","Europe Brent Spot Price FOB (Dollars per Barrel)","78.35","$/BBL"
"2024-08-05","YCUOK","NA","EPCWTI","WTI Crude Oil","PF4","Spot Price FOB","RWTC","Cushing, OK WTI Spot Price FOB (Dollars per Barrel)","74.46","$/BBL"
"2024-08-05","ZEU","NA","EPCBRENT","UK Brent Crude Oil","PF4","Spot Price FOB","RBRTE","Europe Brent Spot Price FOB (Dollars per Barrel)","77.51","$/BBL"
"2024-08-06","YCUOK","NA","EPCWTI","WTI Crude Oil","PF4","Spot Price FOB","RWTC","Cushing, OK WTI Spot Price FOB (Dollars per Barrel)","74.6","$/BBL"
"2024-08-06","ZEU","NA","EPCBRENT","UK Brent Crude Oil","PF4","Spot Price FOB","RBRTE","Europe Brent Spot Price FOB (Dollars per Barrel)","76.62","$/BBL"
"2024-08-07","YCUOK","NA","EPCWTI","WTI Crude Oil","PF4","Spot Price FOB","RWTC","Cushing, OK WTI Spot Price FOB (Dollars per Barrel)","76.68","$/BBL"
"2024-08-07","ZEU","NA","EPCBRENT","UK Brent Crude Oil","PF4","Spot Price FOB","RBRTE","Europe Brent Spot Price FOB (Dollars per Barrel)","78.26","$/BBL"
"2024-08-08","YCUOK","NA","EPCWTI","WTI Crude Oil","PF4","Spot Price FOB","RWTC","Cushing, OK WTI Spot Price FOB (Dollars per Barrel)","77.64","$/BBL"
"2024-08-08","ZEU","NA","EPCBRENT","UK Brent Crude Oil","PF4","Spot Price FOB","RBRTE","Europe Brent Spot Price FOB (Dollars per Barrel)","80.76","$/BBL"
"2024-08-09","YCUOK","NA","EPCWTI","WTI Crude Oil","PF4","Spot Price FOB","RWTC","Cushing, OK WTI Spot Price FOB (Dollars per Barrel)","78.28","$/BBL"
"2024-08-09","ZEU","NA","EPCBRENT","UK Brent Crude Oil","PF4","Spot Price FOB","RBRTE","Europe Brent Spot Price FOB (Dollars per Barrel)","81.07","$/BBL"
"2024-08-12","YCUOK","NA","EPCWTI","WTI Crude Oil","PF4","Spot Price FOB","RWTC","Cushing, OK WTI Spot Price FOB (Dollars per Barrel)","81.45","$/BBL"
"2024-08-12","ZEU","NA","EPCBRENT","UK Brent Crude Oil","PF4","Spot Price FOB","RBRTE","Europe Brent Spot Price FOB (Dollars per Barrel)","83.06","$/BBL"
"2024-08-13","YCUOK","NA","EPCWTI","WTI Crude Oil","PF4","Spot Price FOB","RWTC","Cushing, OK WTI Spot Price FOB (Dollars per Barrel)","79.81","$/BBL"
"2024-08-13","ZEU","NA","EPCBRENT","UK Brent Crude Oil","PF4","Spot Price FOB","RBRTE","Europe Brent Spot Price FOB (Dollars per Barrel)","82.51","$/BBL"
"2024-08-14","YCUOK","NA","EPCWTI","WTI Crude Oil","PF4","Spot Price FOB","RWTC","Cushing, OK WTI Spot Price FOB (Dollars per Barrel)","78.47","$/BBL"
"2024-08-14","ZEU","NA","EPCBRENT","UK Brent Crude Oil","PF4","Spot Price FOB","RBRTE","Europe Brent Spot Price FOB (Dollars per Barrel)","82.15","$/BBL"
"2024-08-15","YCUOK","NA","EPCWTI","WTI Crude Oil","PF4","Spot Price FOB","RWTC","Cushing, OK WTI Spot Price FOB (Dollars per Barrel)","79.66","$/BBL"
"2024-08-15","ZEU","NA","EPCBRENT","UK Brent Crude Oil","PF4","Spot Price FOB","RBRTE","Europe Brent Spot Price FOB (Dollars per Barrel)","83.09","$/BBL"
"2024-08-16","YCUOK","NA","EPCWTI","WTI Crude Oil","PF4","Spot Price FOB","RWTC","Cushing, OK WTI Spot Price FOB (Dollars per Barrel)","78.05","$/BBL"
"2024-08-16","ZEU","NA","EPCBRENT","UK Brent Crude Oil","PF4","Spot Price FOB","RBRTE","Europe Brent Spot Price FOB (Dollars per Barrel)","81.56","$/BBL"
"2024-08-19","YCUOK","NA","EPCWTI","WTI Crude Oil","PF4","Spot Price FOB","RWTC","Cushing, OK WTI Spot Price FOB (Dollars per Barrel)","75.82","$/BBL"
"2024-08-19","ZEU","NA","EPCBRENT","UK Brent Crude Oil","PF4","Spot Price FOB","RBRTE","Europe Brent Spot Price FOB (Dollars per Barrel)","81.09","$/BBL"
"2024-08-20","YCUOK","NA","EPCWTI","WTI Crude Oil","PF4","Spot Price FOB","RWTC","Cushing, OK WTI Spot Price FOB (Dollars per Barrel)","75.27","$/BBL"
"2024-08-20","ZEU","NA","EPCBRENT","UK Brent Crude Oil","PF4","Spot Price FOB","RBRTE","Europe Brent Spot Price FOB (Dollars per Barrel)","78.85","$/BBL"
"2024-08-21","YCUOK","NA","EPCWTI","WTI Crude Oil","PF4","Spot Price FOB","RWTC","Cushing, OK WTI Spot Price FOB (Dollars per Barrel)","72.76","$/BBL"
"2024-08-21","ZEU","NA","EPCBRENT","UK Brent Crude Oil","PF4","Spot Price FOB","RBRTE","Europe Brent Spot Price FOB (Dollars per Barrel)","78.77","$/BBL"
"2024-08-22","YCUOK","NA","EPCWTI","WTI Crude Oil","PF4","Spot Price FOB","RWTC","Cushing, OK WTI Spot Price FOB (Dollars per Barrel)","73.72","$/BBL"
"2024-08-22","ZEU","NA","EPCBRENT","UK Brent Crude Oil","PF4","Spot Price FOB","RBRTE","Europe Brent Spot Price FOB (Dollars per Barrel)","78.8","$/BBL"
"2024-08-23","YCUOK","NA","EPCWTI","WTI Crude Oil","PF4","Spot Price FOB","RWTC","Cushing, OK WTI Spot Price FOB (Dollars per Barrel)","75.82","$/BBL"
"2024-08-23","ZEU","NA","EPCBRENT","UK Brent Crude Oil","PF4","Spot Price FOB","RBRTE","Europe Brent Spot Price FOB (Dollars per Barrel)","80.34","$/BBL"
"2024-08-26","YCUOK","NA","EPCWTI","WTI Crude Oil","PF4","Spot Price FOB","RWTC","Cushing, OK WTI Spot Price FOB (Dollars per Barrel)","78.4","$/BBL"
"2024-08-27","YCUOK","NA","EPCWTI","WTI Crude Oil","PF4","Spot Price FOB","RWTC","Cushing, OK WTI Spot Price FOB (Dollars per Barrel)","76.5","$/BBL"
"2024-08-27","ZEU","NA","EPCBRENT","UK Brent Crude Oil","PF4","Spot Price FOB","RBRTE","Europe Brent Spot Price FOB (Dollars per Barrel)","81.51","$/BBL"
"2024-08-28","YCUOK","NA","EPCWTI","WTI Crude Oil","PF4","Spot Price FOB","RWTC","Cushing, OK WTI Spot Price FOB (Dollars per Barrel)","75.49","$/BBL"
"2024-08-28","ZEU","NA","EPCBRENT","UK Brent Crude Oil","PF4","Spot Price FOB","RBRTE","Europe Brent Spot Price FOB (Dollars per Barrel)","80.04","$/BBL"
"2024-08-29","YCUOK","NA","EPCWTI","WTI Crude Oil","PF4","Spot Price FOB","RWTC","Cushing, OK WTI Spot Price FOB (Dollars per Barrel)","76.9","$/BBL"
"2024-08-29","ZEU","NA","EPCBRENT","UK Brent Crude Oil","PF4","Spot Price FOB","RBRTE","Europe Brent Spot Price FOB (Dollars per Barrel)","81.55","$/BBL"
"2024-08-30","YCUOK","NA","EPCWTI","WTI Crude Oil","PF4","Spot Price FOB","RWTC","Cushing, OK WTI Spot Price FOB (Dollars per Barrel)","74.52","$/BBL"
"2024-08-30","ZEU","NA","EPCBRENT","UK Brent Crude Oil","PF4","Spot Price FOB","RBRTE","Europe Brent Spot Price FOB (Dollars per Barrel)","80.2","$/BBL"
"2024-09-02","ZEU","NA","EPCBRENT","UK Brent Crude Oil","PF4","Spot Price FOB","RBRTE","Europe Brent Spot Price FOB (Dollars per Barrel)","77.82","$/BBL"
"2024-09-03","YCUOK","NA","EPCWTI","WTI Crude Oil","PF4","Spot Price FOB","RWTC","Cushing, OK WTI Spot Price FOB (Dollars per Barrel)","71.28","$/BBL"
"2024-09-03","ZEU","NA","EPCBRENT","UK Brent Crude Oil","PF4","Spot Price FOB","RBRTE","Europe Brent Spot Price FOB (Dollars per Barrel)","76.46","$/BBL"
"2024-09-04","YCUOK","NA","EPCWTI","WTI Crude Oil","PF4","Spot Price FOB","RWTC","Cushing, OK WTI Spot Price FOB (Dollars per Barrel)","70.11","$/BBL"
"2024-09-04","ZEU","NA","EPCBRENT","UK Brent Crude Oil","PF4","Spot Price FOB","RBRTE","Europe Brent Spot Price FOB (Dollars per Barrel)","74.67","$/BBL"
"2024-09-05","YCUOK","NA","EPCWTI","WTI Crude Oil","PF4","Spot Price FOB","RWTC","Cushing, OK WTI Spot Price FOB (Dollars per Barrel)","70.09","$/BBL"
"2024-09-05","ZEU","NA","EPCBRENT","UK Brent Crude Oil","PF4","Spot Price FOB","RBRTE","Europe Brent Spot Price FOB (Dollars per Barrel)","74.47","$/BBL"
"2024-09-06","YCUOK","NA","EPCWTI","WTI Crude Oil","PF4","Spot Price FOB","RWTC","Cushing, OK WTI Spot Price FOB (Dollars per Barrel)","68.58","$/BBL"
"2024-09-06","ZEU","NA","EPCBRENT","UK Brent Crude Oil","PF4","Spot Price FOB","RBRTE","Europe Brent Spot Price FOB (Dollars per Barrel)","72.82","$/BBL"
"2024-09-09","YCUOK","NA","EPCWTI","WTI Crude Oil","PF4","Spot Price FOB","RWTC","Cushing, OK WTI Spot Price FOB (Dollars per Barrel)","69.65","$/BBL"
"2024-09-09","ZEU","NA","EPCBRENT","UK Brent Crude Oil","PF4","Spot Price FOB","RBRTE","Europe Brent Spot Price FOB (Dollars per Barrel)","72.37","$/BBL"
"2024-09-10","YCUOK","NA","EPCWTI","WTI Crude Oil","PF4","Spot Price FOB","RWTC","Cushing, OK WTI Spot Price FOB (Dollars per Barrel)","66.73","$/BBL"
"2024-09-10","ZEU","NA","EPCBRENT","UK Brent Crude Oil","PF4","Spot Price FOB","RBRTE","Europe Brent Spot Price FOB (Dollars per Barrel)","70.34","$/BBL"
"2024-09-11","YCUOK","NA","EPCWTI","WTI Crude Oil","PF4","Spot Price FOB","RWTC","Cushing, OK WTI Spot Price FOB (Dollars per Barrel)","68.25","$/BBL"
"2024-09-11","ZEU","NA","EPCBRENT","UK Brent Crude Oil","PF4","Spot Price FOB","RBRTE","Europe Brent Spot Price FOB (Dollars per Barrel)","70.31","$/BBL"
"2024-09-12","YCUOK","NA","EPCWTI","WTI Crude Oil","PF4","Spot Price FOB","RWTC","Cushing, OK WTI Spot Price FOB (Dollars per Barrel)","69.89","$/BBL"
"2024-09-12","ZEU","NA","EPCBRENT","UK Brent Crude Oil","PF4","Spot Price FOB","RBRTE","Europe Brent Spot Price FOB (Dollars per Barrel)","73.81","$/BBL"
"2024-09-13","YCUOK","NA","EPCWTI","WTI Crude Oil","PF4","Spot Price FOB","RWTC","Cushing, OK WTI Spot Price FOB (Dollars per Barrel)","69.59","$/BBL"
"2024-09-13","ZEU","NA","EPCBRENT","UK Brent Crude Oil","PF4","Spot Price FOB","RBRTE","Europe Brent Spot Price FOB (Dollars per Barrel)","73.68","$/BBL"
"2024-09-16","YCUOK","NA","EPCWTI","WTI Crude Oil","PF4","Spot Price FOB","RWTC","Cushing, OK WTI Spot Price FOB (Dollars per Barrel)","71.1","$/BBL"
"2024-09-16","ZEU","NA","EPCBRENT","UK Brent Crude Oil","PF4","Spot Price FOB","RBRTE","Europe Brent Spot Price FOB (Dollars per Barrel)","73.96","$/BBL"
"2024-09-17","YCUOK","NA","EPCWTI","WTI Crude Oil","PF4","Spot Price FOB","RWTC","Cushing, OK WTI Spot Price FOB (Dollars per Barrel)","72.16","$/BBL"
"2024-09-17","ZEU","NA","EPCBRENT","UK Brent Crude Oil","PF4","Spot Price FOB","RBRTE","Europe Brent Spot Price FOB (Dollars per Barrel)","74.55","$/BBL"
"2024-09-18","YCUOK","NA","EPCWTI","WTI Crude Oil","PF4","Spot Price FOB","RWTC","Cushing, OK WTI Spot Price FOB (Dollars per Barrel)","71.87","$/BBL"
"2024-09-18","ZEU","NA","EPCBRENT","UK Brent Crude Oil","PF4","Spot Price FOB","RBRTE","Europe Brent Spot Price FOB (Dollars per Barrel)","74.52","$/BBL"
"2024-09-19","YCUOK","NA","EPCWTI","WTI Crude Oil","PF4","Spot Price FOB","RWTC","Cushing, OK WTI Spot Price FOB (Dollars per Barrel)","72.86","$/BBL"
"2024-09-19","ZEU","NA","EPCBRENT","UK Brent Crude Oil","PF4","Spot Price FOB","RBRTE","Europe Brent Spot Price FOB (Dollars per Barrel)","75.93","$/BBL"
"2024-09-20","YCUOK","NA","EPCWTI","WTI Crude Oil","PF4","Spot Price FOB","RWTC","Cushing, OK WTI Spot Price FOB (Dollars per Barrel)","72.72","$/BBL"
"2024-09-20","ZEU","NA","EPCBRENT","UK Brent Crude Oil","PF4","Spot Price FOB","RBRTE","Europe Brent Spot Price FOB (Dollars per Barrel)","75.96","$/BBL"
"2024-09-23","YCUOK","NA","EPCWTI","WTI Crude Oil","PF4","Spot Price FOB","RWTC","Cushing, OK WTI Spot Price FOB (Dollars per Barrel)","71.33","$/BBL"
"2024-09-23","ZEU","NA","EPCBRENT","UK Brent Crude Oil","PF4","Spot Price FOB","RBRTE","Europe Brent Spot Price FOB (Dollars per Barrel)","74.95","$/BBL"
"2024-09-24","YCUOK","NA","EPCWTI","WTI Crude Oil","PF4","Spot Price FOB","RWTC","Cushing, OK WTI Spot Price FOB (Dollars per Barrel)","72.34","$/BBL"
"2024-09-24","ZEU","NA","EPCBRENT","UK Brent Crude Oil","PF4","Spot Price FOB","RBRTE","Europe Brent Spot Price FOB (Dollars per Barrel)","75.29","$/BBL"
"2024-09-25","YCUOK","NA","EPCWTI","WTI Crude Oil","PF4","Spot Price FOB","RWTC","Cushing, OK WTI Spot Price FOB (Dollars per Barrel)","70.42","$/BBL"
"2024-09-25","ZEU","NA","EPCBRENT","UK Brent Crude Oil","PF4","Spot Price FOB","RBRTE","Europe Brent Spot Price FOB (Dollars per Barrel)","75.4","$/BBL"
"2024-09-26","YCUOK","NA","EPCWTI","WTI Crude Oil","PF4","Spot Price FOB","RWTC","Cushing, OK WTI Spot Price FOB (Dollars per Barrel)","68.28","$/BBL"
"2024-09-26","ZEU","NA","EPCBRENT","UK Brent Crude Oil","PF4","Spot Price FOB","RBRTE","Europe Brent Spot Price FOB (Dollars per Barrel)","73.06","$/BBL"
"2024-09-27","YCUOK","NA","EPCWTI","WTI Crude Oil","PF4","Spot Price FOB","RWTC","Cushing, OK WTI Spot Price FOB (Dollars per Barrel)","68.72","$/BBL"
"2024-09-27","ZEU","NA","EPCBRENT","UK Brent Crude Oil","PF4","Spot Price FOB","RBRTE","Europe Brent Spot Price FOB (Dollars per Barrel)","71.63","$/BBL"
"2024-09-30","YCUOK","NA","EPCWTI","WTI Crude Oil","PF4","Spot Price FOB","RWTC","Cushing, OK WTI Spot Price FOB (Dollars per Barrel)","68.75","$/BBL"
"2024-09-30","ZEU","NA","EPCBRENT","UK Brent Crude Oil","PF4","Spot Price FOB","RBRTE","Europe Brent Spot Price FOB (Dollars per Barrel)","72.35","$/BBL"
"2024-10-01","YCUOK","NA","EPCWTI","WTI Crude Oil","PF4","Spot Price FOB","RWTC","Cushing, OK WTI Spot Price FOB (Dollars per Barrel)","70.41","$/BBL"
"2024-10-01","ZEU","NA","EPCBRENT","UK Brent Crude Oil","PF4","Spot Price FOB","RBRTE","Europe Brent Spot Price FOB (Dollars per Barrel)","75.3","$/BBL"
"2024-10-02","YCUOK","NA","EPCWTI","WTI Crude Oil","PF4","Spot Price FOB","RWTC","Cushing, OK WTI Spot Price FOB (Dollars per Barrel)","70.74","$/BBL"
"2024-10-02","ZEU","NA","EPCBRENT","UK Brent Crude Oil","PF4","Spot Price FOB","RBRTE","Europe Brent Spot Price FOB (Dollars per Barrel)","74.86","$/BBL"
"2024-10-03","YCUOK","NA","EPCWTI","WTI Crude Oil","PF4","Spot Price FOB","RWTC","Cushing, OK WTI Spot Price FOB (Dollars per Barrel)","74.33","$/BBL"
"2024-10-03","ZEU","NA","EPCBRENT","UK Brent Crude Oil","PF4","Spot Price FOB","RBRTE","Europe Brent Spot Price FOB (Dollars per Barrel)","77.57","$/BBL"
"2024-10-04","YCUOK","NA","EPCWTI","WTI Crude Oil","PF4","Spot Price FOB","RWTC","Cushing, OK WTI Spot Price FOB (Dollars per Barrel)","74.93","$/BBL"
"2024-10-04","ZEU","NA","EPCBRENT","UK Brent Crude Oil","PF4","Spot Price FOB","RBRTE","Europe Brent Spot Price FOB (Dollars per Barrel)","79.32","$/BBL"
"2024-10-07","YCUOK","NA","EPCWTI","WTI Crude Oil","PF4","Spot Price FOB","RWTC","Cushing, OK WTI Spot Price FOB (Dollars per Barrel)","77.76","$/BBL"
"2024-10-07","ZEU","NA","EPCBRENT","UK Brent Crude Oil","PF4","Spot Price FOB","RBRTE","Europe Brent Spot Price FOB (Dollars per Barrel)","81.74","$/BBL"
"2024-10-08","YCUOK","NA","EPCWTI","WTI Crude Oil","PF4","Spot Price FOB","RWTC","Cushing, OK WTI Spot Price FOB (Dollars per Barrel)","74.26","$/BBL"
"2024-10-08","ZEU","NA","EPCBRENT","UK Brent Crude Oil","PF4","Spot Price FOB","RBRTE","Europe Brent Spot Price FOB (Dollars per Barrel)","78.19","$/BBL"
"2024-10-09","YCUOK","NA","EPCWTI","WTI Crude Oil","PF4","Spot Price FOB","RWTC","Cushing, OK WTI Spot Price FOB (Dollars per Barrel)","73.85","$/BBL"
"2024-10-09","ZEU","NA","EPCBRENT","UK Brent Crude Oil","PF4","Spot Price FOB","RBRTE","Europe Brent Spot Price FOB (Dollars per Barrel)","77.06","$/BBL"
"2024-10-10","YCUOK","NA","EPCWTI","WTI Crude Oil","PF4","Spot Price FOB","RWTC","Cushing, OK WTI Spot Price FOB (Dollars per Barrel)","76.46","$/BBL"
"2024-10-10","ZEU","NA","EPCBRENT","UK Brent Crude Oil","PF4","Spot Price FOB","RBRTE","Europe Brent Spot Price FOB (Dollars per Barrel)","79.45","$/BBL"
"2024-10-11","YCUOK","NA","EPCWTI","WTI Crude Oil","PF4","Spot Price FOB","RWTC","Cushing, OK WTI Spot Price FOB (Dollars per Barrel)","76.11","$/BBL"
"2024-10-11","ZEU","NA","EPCBRENT","UK Brent Crude Oil","PF4","Spot Price FOB","RBRTE","Europe Brent Spot Price FOB (Dollars per Barrel)","80.27","$/BBL"
"2024-10-14","YCUOK","NA","EPCWTI","WTI Crude Oil","PF4","Spot Price FOB","RWTC","Cushing, OK WTI Spot Price FOB (Dollars per Barrel)","76.11","$/BBL"
"2024-10-14","ZEU","NA","EPCBRENT","UK Brent Crude Oil","PF4","Spot Price FOB","RBRTE","Europe Brent Spot Price FOB (Dollars per Barrel)","78.47","$/BBL"
"2024-10-15","YCUOK","NA","EPCWTI","WTI Crude Oil","PF4","Spot Price FOB","RWTC","Cushing, OK WTI Spot Price FOB (Dollars per Barrel)","71.22","$/BBL"
"2024-10-15","ZEU","NA","EPCBRENT","UK Brent Crude Oil","PF4","Spot Price FOB","RBRTE","Europe Brent Spot Price FOB (Dollars per Barrel)","73.68","$/BBL"
"2024-10-16","YCUOK","NA","EPCWTI","WTI Crude Oil","PF4","Spot Price FOB","RWTC","Cushing, OK WTI Spot Price FOB (Dollars per Barrel)","70.97","$/BBL"
"2024-10-16","ZEU","NA","EPCBRENT","UK Brent Crude Oil","PF4","Spot Price FOB","RBRTE","Europe Brent Spot Price FOB (Dollars per Barrel)","73.65","$/BBL"
"2024-10-17","YCUOK","NA","EPCWTI","WTI Crude Oil","PF4","Spot Price FOB","RWTC","Cushing, OK WTI Spot Price FOB (Dollars per Barrel)","71.26","$/BBL"
"2024-10-17","ZEU","NA","EPCBRENT","UK Brent Crude Oil","PF4","Spot Price FOB","RBRTE","Europe Brent Spot Price FOB (Dollars per Barrel)","74.37","$/BBL"
"2024-10-18","YCUOK","NA","EPCWTI","WTI Crude Oil","PF4","Spot Price FOB","RWTC","Cushing, OK WTI Spot Price FOB (Dollars per Barrel)","69.78","$/BBL"
"2024-10-18","ZEU","NA","EPCBRENT","UK Brent Crude Oil","PF4","Spot Price FOB","RBRTE","Europe Brent Spot Price FOB (Dollars per Barrel)","72.75","$/BBL"
"2024-10-21","YCUOK","NA","EPCWTI","WTI Crude Oil","PF4","Spot Price FOB","RWTC","Cushing, OK WTI Spot Price FOB (Dollars per Barrel)","71.16","$/BBL"
"2024-10-21","ZEU","NA","EPCBRENT","UK Brent Crude Oil","PF4","Spot Price FOB","RBRTE","Europe Brent Spot Price FOB (Dollars per Barrel)","73.29","$/BBL"
"2024-10-22","YCUOK","NA","EPCWTI","WTI Crude Oil","PF4","Spot Price FOB","RWTC","Cushing, OK WTI Spot Price FOB (Dollars per Barrel)","72.84","$/BBL"
"2024-10-22","ZEU","NA","EPCBRENT","UK Brent Crude Oil","PF4","Spot Price FOB","RBRTE","Europe Brent Spot Price FOB (Dollars per Barrel)","75.59","$/BBL"
"2024-10-23","YCUOK","NA","EPCWTI","WTI Crude Oil","PF4","Spot Price FOB","RWTC","Cushing, OK WTI Spot Price FOB (Dollars per Barrel)","71.37","$/BBL"
"2024-10-23","ZEU","NA","EPCBRENT","UK Brent Crude Oil","PF4","Spot Price FOB","RBRTE","Europe Brent Spot Price FOB (Dollars per Barrel)","74.68","$/BBL"
"2024-10-24","YCUOK","NA","EPCWTI","WTI Crude Oil","PF4","Spot Price FOB","RWTC","Cushing, OK WTI Spot Price FOB (Dollars per Barrel)","70.58","$/BBL"
"2024-10-24","ZEU","NA","EPCBRENT","UK Brent Crude Oil","PF4","Spot Price FOB","RBRTE","Europe Brent Spot Price FOB (Dollars per Barrel)","74.27","$/BBL"
"2024-10-25","YCUOK","NA","EPCWTI","WTI Crude Oil","PF4","Spot Price FOB","RWTC","Cushing, OK WTI Spot Price FOB (Dollars per Barrel)","72.02","$/BBL"
"2024-10-25","ZEU","NA","EPCBRENT","UK Brent Crude Oil","PF4","Spot Price FOB","RBRTE","Europe Brent Spot Price FOB (Dollars per Barrel)","75.62","$/BBL"
"2024-10-28","YCUOK","NA","EPCWTI","WTI Crude Oil","PF4","Spot Price FOB","RWTC","Cushing, OK WTI Spot Price FOB (Dollars per Barrel)","67.65","$/BBL"
"2024-10-28","ZEU","NA","EPCBRENT","UK Brent Crude Oil","PF4","Spot Price FOB","RBRTE","Europe Brent Spot Price FOB (Dollars per Barrel)","71.87","$/BBL"
"2024-10-29","YCUOK","NA","EPCWTI","WTI Crude Oil","PF4","Spot Price FOB","RWTC","Cushing, OK WTI Spot Price FOB (Dollars per Barrel)","67.48","$/BBL"
"2024-10-29","ZEU","NA","EPCBRENT","UK Brent Crude Oil","PF4","Spot Price FOB","RBRTE","Europe Brent Spot Price FOB (Dollars per Barrel)","71.09","$/BBL"
"2024-10-30","YCUOK","NA","EPCWTI","WTI Crude Oil","PF4","Spot Price FOB","RWTC","Cushing, OK WTI Spot Price FOB (Dollars per Barrel)","68.91","$/BBL"
"2024-10-30","ZEU","NA","EPCBRENT","UK Brent Crude Oil","PF4","Spot Price FOB","RBRTE","Europe Brent Spot Price FOB (Dollars per Barrel)","73.21","$/BBL"
"2024-10-31","YCUOK","NA","EPCWTI","WTI Crude Oil","PF4","Spot Price FOB","RWTC","Cushing, OK WTI Spot Price FOB (Dollars per Barrel)","69.58","$/BBL"
"2024-10-31","ZEU","NA","EPCBRENT","UK Brent Crude Oil","PF4","Spot Price FOB","RBRTE","Europe Brent Spot Price FOB (Dollars per Barrel)","73.25","$/BBL"
"2024-11-01","YCUOK","NA","EPCWTI","WTI Crude Oil","PF4","Spot Price FOB","RWTC","Cushing, OK WTI Spot Price FOB (Dollars per Barrel)","69.81","$/BBL"
"2024-11-01","ZEU","NA","EPCBRENT","UK Brent Crude Oil","PF4","Spot Price FOB","RBRTE","Europe Brent Spot Price FOB (Dollars per Barrel)","73.63","$/BBL"
"2024-11-04","YCUOK","NA","EPCWTI","WTI Crude Oil","PF4","Spot Price FOB","RWTC","Cushing, OK WTI Spot Price FOB (Dollars per Barrel)","71.83","$/BBL"
"2024-11-04","ZEU","NA","EPCBRENT","UK Brent Crude Oil","PF4","Spot Price FOB","RBRTE","Europe Brent Spot Price FOB (Dollars per Barrel)","74.89","$/BBL"
"2024-11-05","YCUOK","NA","EPCWTI","WTI Crude Oil","PF4","Spot Price FOB","RWTC","Cushing, OK WTI Spot Price FOB (Dollars per Barrel)","72.26","$/BBL"
"2024-11-05","ZEU","NA","EPCBRENT","UK Brent Crude Oil","PF4","Spot Price FOB","RBRTE","Europe Brent Spot Price FOB (Dollars per Barrel)","76.98","$/BBL"
"2024-11-06","YCUOK","NA","EPCWTI","WTI Crude Oil","PF4","Spot Price FOB","RWTC","Cushing, OK WTI Spot Price FOB (Dollars per Barrel)","71.98","$/BBL"
"2024-11-06","ZEU","NA","EPCBRENT","UK Brent Crude Oil","PF4","Spot Price FOB","RBRTE","Europe Brent Spot Price FOB (Dollars per Barrel)","76.52","$/BBL"
"2024-11-07","YCUOK","NA","EPCWTI","WTI Crude Oil","PF4","Spot Price FOB","RWTC","Cushing, OK WTI Spot Price FOB (Dollars per Barrel)","72.69","$/BBL"
"2024-11-07","ZEU","NA","EPCBRENT","UK Brent Crude Oil","PF4","Spot Price FOB","RBRTE","Europe Brent Spot Price FOB (Dollars per Barrel)","75.73","$/BBL"
"2024-11-08","YCUOK","NA","EPCWTI","WTI Crude Oil","PF4","Spot Price FOB","RWTC","Cushing, OK WTI Spot Price FOB (Dollars per Barrel)","70.69","$/BBL"
"2024-11-08","ZEU","NA","EPCBRENT","UK Brent Crude Oil","PF4","Spot Price FOB","RBRTE","Europe Brent Spot Price FOB (Dollars per Barrel)","74.04","$/BBL"
"2024-11-11","YCUOK","NA","EPCWTI","WTI Crude Oil","PF4","Spot Price FOB","RWTC","Cushing, OK WTI Spot Price FOB (Dollars per Barrel)","70.69","$/BBL"
"2024-11-11","ZEU","NA","EPCBRENT","UK Brent Crude Oil","PF4","Spot Price FOB","RBRTE","Europe Brent Spot Price FOB (Dollars per Barrel)","72.19","$/BBL"
"2024-11-12","YCUOK","NA","EPCWTI","WTI Crude Oil","PF4","Spot Price FOB","RWTC","Cushing, OK WTI Spot Price FOB (Dollars per Barrel)","68.43","$/BBL"
"2024-11-12","ZEU","NA","EPCBRENT","UK Brent Crude Oil","PF4","Spot Price FOB","RBRTE","Europe Brent Spot Price FOB (Dollars per Barrel)","72.56","$/BBL"
"2024-11-13","YCUOK","NA","EPCWTI","WTI Crude Oil","PF4","Spot Price FOB","RWTC","Cushing, OK WTI Spot Price FOB (Dollars per Barrel)","68.76","$/BBL"
"2024-11-13","ZEU","NA","EPCBRENT","UK Brent Crude Oil","PF4","Spot Price FOB","RBRTE","Europe Brent Spot Price FOB (Dollars per Barrel)","72.86","$/BBL"
"2024-11-14","YCUOK","NA","EPCWTI","WTI Crude Oil","PF4","Spot Price FOB","RWTC","Cushing, OK WTI Spot Price FOB (Dollars per Barrel)","68.99","$/BBL"
"2024-11-14","ZEU","NA","EPCBRENT","UK Brent Crude Oil","PF4","Spot Price FOB","RBRTE","Europe Brent Spot Price FOB (Dollars per Barrel)","73.39","$/BBL"
"2024-11-15","YCUOK","NA","EPCWTI","WTI Crude Oil","PF4","Spot Price FOB","RWTC","Cushing, OK WTI Spot Price FOB (Dollars per Barrel)","67.33","$/BBL"
"2024-11-15","ZEU","NA","EPCBRENT","UK Brent Crude Oil","PF4","Spot Price FOB","RBRTE","Europe Brent Spot Price FOB (Dollars per Barrel)","73.45","$/BBL"
"2024-11-18","YCUOK","NA","EPCWTI","WTI Crude Oil","PF4","Spot Price FOB","RWTC","Cushing, OK WTI Spot Price FOB (Dollars per Barrel)","69.46","$/BBL"
"2024-11-18","ZEU","NA","EPCBRENT","UK Brent Crude Oil","PF4","Spot Price FOB","RBRTE","Europe Brent Spot Price FOB (Dollars per Barrel)","74.35","$/BBL"
"2024-11-19","YCUOK","NA","EPCWTI","WTI Crude Oil","PF4","Spot Price FOB","RWTC","Cushing, OK WTI Spot Price FOB (Dollars per Barrel)","69.75","$/BBL"
"2024-11-19","ZEU","NA","EPCBRENT","UK Brent Crude Oil","PF4","Spot Price FOB","RBRTE","Europe Brent Spot Price FOB (Dollars per Barrel)","74.32","$/BBL"
"2024-11-20","YCUOK","NA","EPCWTI","WTI Crude Oil","PF4","Spot Price FOB","RWTC","Cushing, OK WTI Spot Price FOB (Dollars per Barrel)","69.25","$/BBL"
"2024-11-20","ZEU","NA","EPCBRENT","UK Brent Crude Oil","PF4","Spot Price FOB","RBRTE","Europe Brent Spot Price FOB (Dollars per Barrel)","74.33","$/BBL"
"2024-11-21","YCUOK","NA","EPCWTI","WTI Crude Oil","PF4","Spot Price FOB","RWTC","Cushing, OK WTI Spot Price FOB (Dollars per Barrel)","70.39","$/BBL"
"2024-11-21","ZEU","NA","EPCBRENT","UK Brent Crude Oil","PF4","Spot Price FOB","RBRTE","Europe Brent Spot Price FOB (Dollars per Barrel)","75.09","$/BBL"
"2024-11-22","YCUOK","NA","EPCWTI","WTI Crude Oil","PF4","Spot Price FOB","RWTC","Cushing, OK WTI Spot Price FOB (Dollars per Barrel)","71.68","$/BBL"
"2024-11-22","ZEU","NA","EPCBRENT","UK Brent Crude Oil","PF4","Spot Price FOB","RBRTE","Europe Brent Spot Price FOB (Dollars per Barrel)","76.1","$/BBL"
"2024-11-25","YCUOK","NA","EPCWTI","WTI Crude Oil","PF4","Spot Price FOB","RWTC","Cushing, OK WTI Spot Price FOB (Dollars per Barrel)","69.41","$/BBL"
"2024-11-25","ZEU","NA","EPCBRENT","UK Brent Crude Oil","PF4","Spot Price FOB","RBRTE","Europe Brent Spot Price FOB (Dollars per Barrel)","74.27","$/BBL"
"2024-11-26","YCUOK","NA","EPCWTI","WTI Crude Oil","PF4","Spot Price FOB","RWTC","Cushing, OK WTI Spot Price FOB (Dollars per Barrel)","69.05","$/BBL"
"2024-11-26","ZEU","NA","EPCBRENT","UK Brent Crude Oil","PF4","Spot Price FOB","RBRTE","Europe Brent Spot Price FOB (Dollars per Barrel)","74.56","$/BBL"
"2024-11-27","YCUOK","NA","EPCWTI","WTI Crude Oil","PF4","Spot Price FOB","RWTC","Cushing, OK WTI Spot Price FOB (Dollars per Barrel)","69.03","$/BBL"
"2024-11-27","ZEU","NA","EPCBRENT","UK Brent Crude Oil","PF4","Spot Price FOB","RBRTE","Europe Brent Spot Price FOB (Dollars per Barrel)","73.91","$/BBL"
"2024-11-28","ZEU","NA","EPCBRENT","UK Brent Crude Oil","PF4","Spot Price FOB","RBRTE","Europe Brent Spot Price FOB (Dollars per Barrel)","73.92","$/BBL"
"2024-11-29","YCUOK","NA","EPCWTI","WTI Crude Oil","PF4","Spot Price FOB","RWTC","Cushing, OK WTI Spot Price FOB (Dollars per Barrel)","68.26","$/BBL"
"2024-11-29","ZEU","NA","EPCBRENT","UK Brent Crude Oil","PF4","Spot Price FOB","RBRTE","Europe Brent Spot Price FOB (Dollars per Barrel)","74.16","$/BBL"
"2024-12-02","YCUOK","NA","EPCWTI","WTI Crude Oil","PF4","Spot Price FOB","RWTC","Cushing, OK WTI Spot Price FOB (Dollars per Barrel)","68.35","$/BBL"
"2024-12-02","ZEU","NA","EPCBRENT","UK Brent Crude Oil","PF4","Spot Price FOB","RBRTE","Europe Brent Spot Price FOB (Dollars per Barrel)","72.81","$/BBL"
"2024-12-03","YCUOK","NA","EPCWTI","WTI Crude Oil","PF4","Spot Price FOB","RWTC","Cushing, OK WTI Spot Price FOB (Dollars per Barrel)","70.15","$/BBL"
"2024-12-03","ZEU","NA","EPCBRENT","UK Brent Crude Oil","PF4","Spot Price FOB","RBRTE","Europe Brent Spot Price FOB (Dollars per Barrel)","74.8","$/BBL"
"2024-12-04","YCUOK","NA","EPCWTI","WTI Crude Oil","PF4","Spot Price FOB","RWTC","Cushing, OK WTI Spot Price FOB (Dollars per Barrel)","68.81","$/BBL"
"2024-12-04","ZEU","NA","EPCBRENT","UK Brent Crude Oil","PF4","Spot Price FOB","RBRTE","Europe Brent Spot Price FOB (Dollars per Barrel)","74.68","$/BBL"
"2024-12-05","YCUOK","NA","EPCWTI","WTI Crude Oil","PF4","Spot Price FOB","RWTC","Cushing, OK WTI Spot Price FOB (Dollars per Barrel)","68.58","$/BBL"
"2024-12-05","ZEU","NA","EPCBRENT","UK Brent Crude Oil","PF4","Spot Price FOB","RBRTE","Europe Brent Spot Price FOB (Dollars per Barrel)","73.78","$/BBL"
"2024-12-06","YCUOK","NA","EPCWTI","WTI Crude Oil","PF4","Spot Price FOB","RWTC","Cushing, OK WTI Spot Price FOB (Dollars per Barrel)","68.58","$/BBL"
"2024-12-06","ZEU","NA","EPCBRENT","UK Brent Crude Oil","PF4","Spot Price FOB","RBRTE","Europe Brent Spot Price FOB (Dollars per Barrel)","73.78","$/BBL"
"2024-12-09","YCUOK","NA","EPCWTI","WTI Crude Oil","PF4","Spot Price FOB","RWTC","Cushing, OK WTI Spot Price FOB (Dollars per Barrel)","68.65","$/BBL"
"2024-12-09","ZEU","NA","EPCBRENT","UK Brent Crude Oil","PF4","Spot Price FOB","RBRTE","Europe Brent Spot Price FOB (Dollars per Barrel)","73.73","$/BBL"
"2024-12-10","YCUOK","NA","EPCWTI","WTI Crude Oil","PF4","Spot Price FOB","RWTC","Cushing, OK WTI Spot Price FOB (Dollars per Barrel)","68.85","$/BBL"
"2024-12-10","ZEU","NA","EPCBRENT","UK Brent Crude Oil","PF4","Spot Price FOB","RBRTE","Europe Brent Spot Price FOB (Dollars per Barrel)","73.64","$/BBL"
"2024-12-11","YCUOK","NA","EPCWTI","WTI Crude Oil","PF4","Spot Price FOB","RWTC","Cushing, OK WTI Spot Price FOB (Dollars per Barrel)","70.57","$/BBL"
"2024-12-11","ZEU","NA","EPCBRENT","UK Brent Crude Oil","PF4","Spot Price FOB","RBRTE","Europe Brent Spot Price FOB (Dollars per Barrel)","74.38","$/BBL"
"2024-12-12","YCUOK","NA","EPCWTI","WTI Crude Oil","PF4","Spot Price FOB","RWTC","Cushing, OK WTI Spot Price FOB (Dollars per Barrel)","70.25","$/BBL"
"2024-12-12","ZEU","NA","EPCBRENT","UK Brent Crude Oil","PF4","Spot Price FOB","RBRTE","Europe Brent Spot Price FOB (Dollars per Barrel)","73.52","$/BBL"
"2024-12-13","YCUOK","NA","EPCWTI","WTI Crude Oil","PF4","Spot Price FOB","RWTC","Cushing, OK WTI Spot Price FOB (Dollars per Barrel)","71.54","$/BBL"
"2024-12-13","ZEU","NA","EPCBRENT","UK Brent Crude Oil","PF4","Spot Price FOB","RBRTE","Europe Brent Spot Price FOB (Dollars per Barrel)","74.89","$/BBL"
"2024-12-16","YCUOK","NA","EPCWTI","WTI Crude Oil","PF4","Spot Price FOB","RWTC","Cushing, OK WTI Spot Price FOB (Dollars per Barrel)","71.03","$/BBL"
"2024-12-16","ZEU","NA","EPCBRENT","UK Brent Crude Oil","PF4","Spot Price FOB","RBRTE","Europe Brent Spot Price FOB (Dollars per Barrel)","74.3","$/BBL"
"2024-12-17","YCUOK","NA","EPCWTI","WTI Crude Oil","PF4","Spot Price FOB","RWTC","Cushing, OK WTI Spot Price FOB (Dollars per Barrel)","70.31","$/BBL"
"2024-12-17","ZEU","NA","EPCBRENT","UK Brent Crude Oil","PF4","Spot Price FOB","RBRTE","Europe Brent Spot Price FOB (Dollars per Barrel)","73.16","$/BBL"
"2024-12-18","YCUOK","NA","EPCWTI","WTI Crude Oil","PF4","Spot Price FOB","RWTC","Cushing, OK WTI Spot Price FOB (Dollars per Barrel)","70.8","$/BBL"
"2024-12-18","ZEU","NA","EPCBRENT","UK Brent Crude Oil","PF4","Spot Price FOB","RBRTE","Europe Brent Spot Price FOB (Dollars per Barrel)","74.57","$/BBL"
"2024-12-19","YCUOK","NA","EPCWTI","WTI Crude Oil","PF4","Spot Price FOB","RWTC","Cushing, OK WTI Spot Price FOB (Dollars per Barrel)","70.1","$/BBL"
"2024-12-19","ZEU","NA","EPCBRENT","UK Brent Crude Oil","PF4","Spot Price FOB","RBRTE","Europe Brent Spot Price FOB (Dollars per Barrel)","73.75","$/BBL"
"2024-12-20","YCUOK","NA","EPCWTI","WTI Crude Oil","PF4","Spot Price FOB","RWTC","Cushing, OK WTI Spot Price FOB (Dollars per Barrel)","69.71","$/BBL"
"2024-12-20","ZEU","NA","EPCBRENT","UK Brent Crude Oil","PF4","Spot Price FOB","RBRTE","Europe Brent Spot Price FOB (Dollars per Barrel)","73.19","$/BBL"
"2024-12-23","YCUOK","NA","EPCWTI","WTI Crude Oil","PF4","Spot Price FOB","RWTC","Cushing, OK WTI Spot Price FOB (Dollars per Barrel)","69.5","$/BBL"
"2024-12-23","ZEU","NA","EPCBRENT","UK Brent Crude Oil","PF4","Spot Price FOB","RBRTE","Europe Brent Spot Price FOB (Dollars per Barrel)","72.12","$/BBL"
"2024-12-24","YCUOK","NA","EPCWTI","WTI Crude Oil","PF4","Spot Price FOB","RWTC","Cushing, OK WTI Spot Price FOB (Dollars per Barrel)","70.87","$/BBL"
"2024-12-24","ZEU","NA","EPCBRENT","UK Brent Crude Oil","PF4","Spot Price FOB","RBRTE","Europe Brent Spot Price FOB (Dollars per Barrel)","73.5","$/BBL"
"2024-12-25","ZEU","NA","EPCBRENT","UK Brent Crude Oil","PF4","Spot Price FOB","RBRTE","Europe Brent Spot Price FOB (Dollars per Barrel)","73.5","$/BBL"
"2024-12-26","YCUOK","NA","EPCWTI","WTI Crude Oil","PF4","Spot Price FOB","RWTC","Cushing, OK WTI Spot Price FOB (Dollars per Barrel)","70.38","$/BBL"
"2024-12-27","YCUOK","NA","EPCWTI","WTI Crude Oil","PF4","Spot Price FOB","RWTC","Cushing, OK WTI Spot Price FOB (Dollars per Barrel)","71.28","$/BBL"
"2024-12-27","ZEU","NA","EPCBRENT","UK Brent Crude Oil","PF4","Spot Price FOB","RBRTE","Europe Brent Spot Price FOB (Dollars per Barrel)","73.77","$/BBL"
"2024-12-30","YCUOK","NA","EPCWTI","WTI Crude Oil","PF4","Spot Price FOB","RWTC","Cushing, OK WTI Spot Price FOB (Dollars per Barrel)","71.73","$/BBL"
"2024-12-30","ZEU","NA","EPCBRENT","UK Brent Crude Oil","PF4","Spot Price FOB","RBRTE","Europe Brent Spot Price FOB (Dollars per Barrel)","74.24","$/BBL"
"2024-12-31","YCUOK","NA","EPCWTI","WTI Crude Oil","PF4","Spot Price FOB","RWTC","Cushing, OK WTI Spot Price FOB (Dollars per Barrel)","72.44","$/BBL"
"2024-12-31","ZEU","NA","EPCBRENT","UK Brent Crude Oil","PF4","Spot Price FOB","RBRTE","Europe Brent Spot Price FOB (Dollars per Barrel)","74.58","$/BBL"
"2025-01-02","YCUOK","NA","EPCWTI","WTI Crude Oil","PF4","Spot Price FOB","RWTC","Cushing, OK WTI Spot Price FOB (Dollars per Barrel)","73.79","$/BBL"
"2025-01-02","ZEU","NA","EPCBRENT","UK Brent Crude Oil","PF4","Spot Price FOB","RBRTE","Europe Brent Spot Price FOB (Dollars per Barrel)","76.14","$/BBL"
"2025-01-03","YCUOK","NA","EPCWTI","WTI Crude Oil","PF4","Spot Price FOB","RWTC","Cushing, OK WTI Spot Price FOB (Dollars per Barrel)","74.64","$/BBL"
"2025-01-03","ZEU","NA","EPCBRENT","UK Brent Crude Oil","PF4","Spot Price FOB","RBRTE","Europe Brent Spot Price FOB (Dollars per Barrel)","76.72","$/BBL"
"2025-01-06","YCUOK","NA","EPCWTI","WTI Crude Oil","PF4","Spot Price FOB","RWTC","Cushing, OK WTI Spot Price FOB (Dollars per Barrel)","74.31","$/BBL"
"2025-01-06","ZEU","NA","EPCBRENT","UK Brent Crude Oil","PF4","Spot Price FOB","RBRTE","Europe Brent Spot Price FOB (Dollars per Barrel)","77.27","$/BBL"
"2025-01-07","YCUOK","NA","EPCWTI","WTI Crude Oil","PF4","Spot Price FOB","RWTC","Cushing, OK WTI Spot Price FOB (Dollars per Barrel)","74.99","$/BBL"
"2025-01-07","ZEU","NA","EPCBRENT","UK Brent Crude Oil","PF4","Spot Price FOB","RBRTE","Europe Brent Spot Price FOB (Dollars per Barrel)","77.84","$/BBL"
"2025-01-08","YCUOK","NA","EPCWTI","WTI Crude Oil","PF4","Spot Price FOB","RWTC","Cushing, OK WTI Spot Price FOB (Dollars per Barrel)","73.99","$/BBL"
"2025-01-08","ZEU","NA","EPCBRENT","UK Brent Crude Oil","PF4","Spot Price FOB","RBRTE","Europe Brent Spot Price FOB (Dollars per Barrel)","77.37","$/BBL"
"2025-01-09","ZEU","NA","EPCBRENT","UK Brent Crude Oil","PF4","Spot Price FOB","RBRTE","Europe Brent Spot Price FOB (Dollars per Barrel)","78.44","$/BBL"
"2025-01-10","YCUOK","NA","EPCWTI","WTI Crude Oil","PF4","Spot Price FOB","RWTC","Cushing, OK WTI Spot Price FOB (Dollars per Barrel)","77.27","$/BBL"
"2025-01-10","ZEU","NA","EPCBRENT","UK Brent Crude Oil","PF4","Spot Price FOB","RBRTE","Europe Brent Spot Price FOB (Dollars per Barrel)","79.76","$/BBL"
"2025-01-13","YCUOK","NA","EPCWTI","WTI Crude Oil","PF4","Spot Price FOB","RWTC","Cushing, OK WTI Spot Price FOB (Dollars per Barrel)","79.57","$/BBL"
"2025-01-13","ZEU","NA","EPCBRENT","UK Brent Crude Oil","PF4","Spot Price FOB","RBRTE","Europe Brent Spot Price FOB (Dollars per Barrel)","82.69","$/BBL"
"2025-01-14","YCUOK","NA","EPCWTI","WTI Crude Oil","PF4","Spot Price FOB","RWTC","Cushing, OK WTI Spot Price FOB (Dollars per Barrel)","78.2","$/BBL"
"2025-01-14","ZEU","NA","EPCBRENT","UK Brent Crude Oil","PF4","Spot Price FOB","RBRTE","Europe Brent Spot Price FOB (Dollars per Barrel)","82.39","$/BBL"
"2025-01-15","YCUOK","NA","EPCWTI","WTI Crude Oil","PF4","Spot Price FOB","RWTC","Cushing, OK WTI Spot Price FOB (Dollars per Barrel)","80.73","$/BBL"
"2025-01-15","ZEU","NA","EPCBRENT","UK Brent Crude Oil","PF4","Spot Price FOB","RBRTE","Europe Brent Spot Price FOB (Dollars per Barrel)","83.48","$/BBL"
"2025-01-16","YCUOK","NA","EPCWTI","WTI Crude Oil","PF4","Spot Price FOB","RWTC","Cushing, OK WTI Spot Price FOB (Dollars per Barrel)","79.35","$/BBL"
"2025-01-16","ZEU","NA","EPCBRENT","UK Brent Crude Oil","PF4","Spot Price FOB","RBRTE","Europe Brent Spot Price FOB (Dollars per Barrel)","82.39","$/BBL"
"2025-01-17","YCUOK","NA","EPCWTI","WTI Crude Oil","PF4","Spot Price FOB","RWTC","Cushing, OK WTI Spot Price FOB (Dollars per Barrel)","78.56","$/BBL"
"2025-01-17","ZEU","NA","EPCBRENT","UK Brent Crude Oil","PF4","Spot Price FOB","RBRTE","Europe Brent Spot Price FOB (Dollars per Barrel)","83.02","$/BBL"
"2025-01-20","ZEU","NA","EPCBRENT","UK Brent Crude Oil","PF4","Spot Price FOB","RBRTE","Europe Brent Spot Price FOB (Dollars per Barrel)","81.68","$/BBL"
"2025-01-21","YCUOK","NA","EPCWTI","WTI Crude Oil","PF4","Spot Price FOB","RWTC","Cushing, OK WTI Spot Price FOB (Dollars per Barrel)","76.79","$/BBL"
"2025-01-21","ZEU","NA","EPCBRENT","UK Brent Crude Oil","PF4","Spot Price FOB","RBRTE","Europe Brent Spot Price FOB (Dollars per Barrel)","80.57","$/BBL"
"2025-01-22","YCUOK","NA","EPCWTI","WTI Crude Oil","PF4","Spot Price FOB","RWTC","Cushing, OK WTI Spot Price FOB (Dollars per Barrel)","76.12","$/BBL"
"2025-01-22","ZEU","NA","EPCBRENT","UK Brent Crude Oil","PF4","Spot Price FOB","RBRTE","Europe Brent Spot Price FOB (Dollars per Barrel)","80","$/BBL"
"2025-01-23","YCUOK","NA","EPCWTI","WTI Crude Oil","PF4","Spot Price FOB","RWTC","Cushing, OK WTI Spot Price FOB (Dollars per Barrel)","75.03","$/BBL"
"2025-01-23","ZEU","NA","EPCBRENT","UK Brent Crude Oil","PF4","Spot Price FOB","RBRTE","Europe Brent Spot Price FOB (Dollars per Barrel)","78.62","$/BBL"
"2025-01-24","YCUOK","NA","EPCWTI","WTI Crude Oil","PF4","Spot Price FOB","RWTC","Cushing, OK WTI Spot Price FOB (Dollars per Barrel)","74.97","$/BBL"
"2025-01-24","ZEU","NA","EPCBRENT","UK Brent Crude Oil","PF4","Spot Price FOB","RBRTE","Europe Brent Spot Price FOB (Dollars per Barrel)","78.71","$/BBL"
"2025-01-27","YCUOK","NA","EPCWTI","WTI Crude Oil","PF4","Spot Price FOB","RWTC","Cushing, OK WTI Spot Price FOB (Dollars per Barrel)","73.51","$/BBL"
"2025-01-27","ZEU","NA","EPCBRENT","UK Brent Crude Oil","PF4","Spot Price FOB","RBRTE","Europe Brent Spot Price FOB (Dollars per Barrel)","77.3","$/BBL"
"2025-01-28","YCUOK","NA","EPCWTI","WTI Crude Oil","PF4","Spot Price FOB","RWTC","Cushing, OK WTI Spot Price FOB (Dollars per Barrel)","74.15","$/BBL"
"2025-01-28","ZEU","NA","EPCBRENT","UK Brent Crude Oil","PF4","Spot Price FOB","RBRTE","Europe Brent Spot Price FOB (Dollars per Barrel)","78.01","$/BBL"
"2025-01-29","YCUOK","NA","EPCWTI","WTI Crude Oil","PF4","Spot Price FOB","RWTC","Cushing, OK WTI Spot Price FOB (Dollars per Barrel)","72.94","$/BBL"
"2025-01-29","ZEU","NA","EPCBRENT","UK Brent Crude Oil","PF4","Spot Price FOB","RBRTE","Europe Brent Spot Price FOB (Dollars per Barrel)","77.02","$/BBL"
"2025-01-30","YCUOK","NA","EPCWTI","WTI Crude Oil","PF4","Spot Price FOB","RWTC","Cushing, OK WTI Spot Price FOB (Dollars per Barrel)","73.1","$/BBL"
"2025-01-30","ZEU","NA","EPCBRENT","UK Brent Crude Oil","PF4","Spot Price FOB","RBRTE","Europe Brent Spot Price FOB (Dollars per Barrel)","77.42","$/BBL"
"2025-01-31","YCUOK","NA","EPCWTI","WTI Crude Oil","PF4","Spot Price FOB","RWTC","Cushing, OK WTI Spot Price FOB (Dollars per Barrel)","72.84","$/BBL"
"2025-01-31","ZEU","NA","EPCBRENT","UK Brent Crude Oil","PF4","Spot Price FOB","RBRTE","Europe Brent Spot Price FOB (Dollars per Barrel)","77.11","$/BBL"
"2025-02-03","YCUOK","NA","EPCWTI","WTI Crude Oil","PF4","Spot Price FOB","RWTC","Cushing, OK WTI Spot Price FOB (Dollars per Barrel)","73.52","$/BBL"
"2025-02-03","ZEU","NA","EPCBRENT","UK Brent Crude Oil","PF4","Spot Price FOB","RBRTE","Europe Brent Spot Price FOB (Dollars per Barrel)","76.49","$/BBL"
"2025-02-04","YCUOK","NA","EPCWTI","WTI Crude Oil","PF4","Spot Price FOB","RWTC","Cushing, OK WTI Spot Price FOB (Dollars per Barrel)","73.04","$/BBL"
"2025-02-04","ZEU","NA","EPCBRENT","UK Brent Crude Oil","PF4","Spot Price FOB","RBRTE","Europe Brent Spot Price FOB (Dollars per Barrel)","76.58","$/BBL"
"2025-02-05","YCUOK","NA","EPCWTI","WTI Crude Oil","PF4","Spot Price FOB","RWTC","Cushing, OK WTI Spot Price FOB (Dollars per Barrel)","71.39","$/BBL"
"2025-02-05","ZEU","NA","EPCBRENT","UK Brent Crude Oil","PF4","Spot Price FOB","RBRTE","Europe Brent Spot Price FOB (Dollars per Barrel)","74.71","$/BBL"
"2025-02-06","YCUOK","NA","EPCWTI","WTI Crude Oil","PF4","Spot Price FOB","RWTC","Cushing, OK WTI Spot Price FOB (Dollars per Barrel)","70.97","$/BBL"
"2025-02-06","ZEU","NA","EPCBRENT","UK Brent Crude Oil","PF4","Spot Price FOB","RBRTE","Europe Brent Spot Price FOB (Dollars per Barrel)","74.54","$/BBL"
"2025-02-07","YCUOK","NA","EPCWTI","WTI Crude Oil","PF4","Spot Price FOB","RWTC","Cushing, OK WTI Spot Price FOB (Dollars per Barrel)","71.32","$/BBL"
"2025-02-07","ZEU","NA","EPCBRENT","UK Brent Crude Oil","PF4","Spot Price FOB","RBRTE","Europe Brent Spot Price FOB (Dollars per Barrel)","74.68","$/BBL"
"2025-02-10","YCUOK","NA","EPCWTI","WTI Crude Oil","PF4","Spot Price FOB","RWTC","Cushing, OK WTI Spot Price FOB (Dollars per Barrel)","72.73","$/BBL"
"2025-02-10","ZEU","NA","EPCBRENT","UK Brent Crude Oil","PF4","Spot Price FOB","RBRTE","Europe Brent Spot Price FOB (Dollars per Barrel)","76.23","$/BBL"
"2025-02-11","YCUOK","NA","EPCWTI","WTI Crude Oil","PF4","Spot Price FOB","RWTC","Cushing, OK WTI Spot Price FOB (Dollars per Barrel)","73.67","$/BBL"
"2025-02-11","ZEU","NA","EPCBRENT","UK Brent Crude Oil","PF4","Spot Price FOB","RBRTE","Europe Brent Spot Price FOB (Dollars per Barrel)","77.65","$/BBL"
"2025-02-12","YCUOK","NA","EPCWTI","WTI Crude Oil","PF4","Spot Price FOB","RWTC","Cushing, OK WTI Spot Price FOB (Dollars per Barrel)","71.72","$/BBL"
"2025-02-12","ZEU","NA","EPCBRENT","UK Brent Crude Oil","PF4","Spot Price FOB","RBRTE","Europe Brent Spot Price FOB (Dollars per Barrel)","75.38","$/BBL"
"2025-02-13","YCUOK","NA","EPCWTI","WTI Crude Oil","PF4","Spot Price FOB","RWTC","Cushing, OK WTI Spot Price FOB (Dollars per Barrel)","71.66","$/BBL"
"2025-02-13","ZEU","NA","EPCBRENT","UK Brent Crude Oil","PF4","Spot Price FOB","RBRTE","Europe Brent Spot Price FOB (Dollars per Barrel)","75.61","$/BBL"
"2025-02-14","YCUOK","NA","EPCWTI","WTI Crude Oil","PF4","Spot Price FOB","RWTC","Cushing, OK WTI Spot Price FOB (Dollars per Barrel)","71.05","$/BBL"
"2025-02-14","ZEU","NA","EPCBRENT","UK Brent Crude Oil","PF4","Spot Price FOB","RBRTE","Europe Brent Spot Price FOB (Dollars per Barrel)","75.19","$/BBL"
"2025-02-17","ZEU","NA","EPCBRENT","UK Brent Crude Oil","PF4","Spot Price FOB","RBRTE","Europe Brent Spot Price FOB (Dollars per Barrel)","75.81","$/BBL"
"2025-02-18","YCUOK","NA","EPCWTI","WTI Crude Oil","PF4","Spot Price FOB","RWTC","Cushing, OK WTI Spot Price FOB (Dollars per Barrel)","72.21","$/BBL"
"2025-02-18","ZEU","NA","EPCBRENT","UK Brent Crude Oil","PF4","Spot Price FOB","RBRTE","Europe Brent Spot Price FOB (Dollars per Barrel)","76.46","$/BBL"
"2025-02-19","YCUOK","NA","EPCWTI","WTI Crude Oil","PF4","Spot Price FOB","RWTC","Cushing, OK WTI Spot Price FOB (Dollars per Barrel)","72.58","$/BBL"
"2025-02-19","ZEU","NA","EPCBRENT","UK Brent Crude Oil","PF4","Spot Price FOB","RBRTE","Europe Brent Spot Price FOB (Dollars per Barrel)","76.34","$/BBL"
"2025-02-20","YCUOK","NA","EPCWTI","WTI Crude Oil","PF4","Spot Price FOB","RWTC","Cushing, OK WTI Spot Price FOB (Dollars per Barrel)","72.88","$/BBL"
"2025-02-20","ZEU","NA","EPCBRENT","UK Brent Crude Oil","PF4","Spot Price FOB","RBRTE","Europe Brent Spot Price FOB (Dollars per Barrel)","76.95","$/BBL"
"2025-02-21","YCUOK","NA","EPCWTI","WTI Crude Oil","PF4","Spot Price FOB","RWTC","Cushing, OK WTI Spot Price FOB (Dollars per Barrel)","70.72","$/BBL"
"2025-02-21","ZEU","NA","EPCBRENT","UK Brent Crude Oil","PF4","Spot Price FOB","RBRTE","Europe Brent Spot Price FOB (Dollars per Barrel)","74.88","$/BBL"
"2025-02-24","YCUOK","NA","EPCWTI","WTI Crude Oil","PF4","Spot Price FOB","RWTC","Cushing, OK WTI Spot Price FOB (Dollars per Barrel)","71.06","$/BBL"
"2025-02-24","ZEU","NA","EPCBRENT","UK Brent Crude Oil","PF4","Spot Price FOB","RBRTE","Europe Brent Spot Price FOB (Dollars per Barrel)","74.89","$/BBL"
"2025-02-25","YCUOK","NA","EPCWTI","WTI Crude Oil","PF4","Spot Price FOB","RWTC","Cushing, OK WTI Spot Price FOB (Dollars per Barrel)","69.15","$/BBL"
"2025-02-25","ZEU","NA","EPCBRENT","UK Brent Crude Oil","PF4","Spot Price FOB","RBRTE","Europe Brent Spot Price FOB (Dollars per Barrel)","73.11","$/BBL"
"2025-02-26","YCUOK","NA","EPCWTI","WTI Crude Oil","PF4","Spot Price FOB","RWTC","Cushing, OK WTI Spot Price FOB (Dollars per Barrel)","68.87","$/BBL"
"2025-02-26","ZEU","NA","EPCBRENT","UK Brent Crude Oil","PF4","Spot Price FOB","RBRTE","Europe Brent Spot Price FOB (Dollars per Barrel)","73.49","$/BBL"
"2025-02-27","YCUOK","NA","EPCWTI","WTI Crude Oil","PF4","Spot Price FOB","RWTC","Cushing, OK WTI Spot Price FOB (Dollars per Barrel)","70.62","$/BBL"
"2025-02-27","ZEU","NA","EPCBRENT","UK Brent Crude Oil","PF4","Spot Price FOB","RBRTE","Europe Brent Spot Price FOB (Dollars per Barrel)","75.01","$/BBL"
"2025-02-28","YCUOK","NA","EPCWTI","WTI Crude Oil","PF4","Spot Price FOB","RWTC","Cushing, OK WTI Spot Price FOB (Dollars per Barrel)","69.97","$/BBL"
"2025-02-28","ZEU","NA","EPCBRENT","UK Brent Crude Oil","PF4","Spot Price FOB","RBRTE","Europe Brent Spot Price FOB (Dollars per Barrel)","74.76","$/BBL"
"2025-03-03","YCUOK","NA","EPCWTI","WTI Crude Oil","PF4","Spot Price FOB","RWTC","Cushing, OK WTI Spot Price FOB (Dollars per Barrel)","68.63","$/BBL"
"2025-03-03","ZEU","NA","EPCBRENT","UK Brent Crude Oil","PF4","Spot Price FOB","RBRTE","Europe Brent Spot Price FOB (Dollars per Barrel)","72.85","$/BBL"
"2025-03-04","YCUOK","NA","EPCWTI","WTI Crude Oil","PF4","Spot Price FOB","RWTC","Cushing, OK WTI Spot Price FOB (Dollars per Barrel)","68.47","$/BBL"
"2025-03-04","ZEU","NA","EPCBRENT","UK Brent Crude Oil","PF4","Spot Price FOB","RBRTE","Europe Brent Spot Price FOB (Dollars per Barrel)","72.31","$/BBL"
"2025-03-05","YCUOK","NA","EPCWTI","WTI Crude Oil","PF4","Spot Price FOB","RWTC","Cushing, OK WTI Spot Price FOB (Dollars per Barrel)","66.58","$/BBL"
"2025-03-05","ZEU","NA","EPCBRENT","UK Brent Crude Oil","PF4","Spot Price FOB","RBRTE","Europe Brent Spot Price FOB (Dollars per Barrel)","70.92","$/BBL"
"2025-03-06","YCUOK","NA","EPCWTI","WTI Crude Oil","PF4","Spot Price FOB","RWTC","Cushing, OK WTI Spot Price FOB (Dollars per Barrel)","66.62","$/BBL"
"2025-03-06","ZEU","NA","EPCBRENT","UK Brent Crude Oil","PF4","Spot Price FOB","RBRTE","Europe Brent Spot Price FOB (Dollars per Barrel)","71.08","$/BBL"
"2025-03-07","YCUOK","NA","EPCWTI","WTI Crude Oil","PF4","Spot Price FOB","RWTC","Cushing, OK WTI Spot Price FOB (Dollars per Barrel)","67.29","$/BBL"
"2025-03-07","ZEU","NA","EPCBRENT","UK Brent Crude Oil","PF4","Spot Price FOB","RBRTE","Europe Brent Spot Price FOB (Dollars per Barrel)","72.49","$/BBL"
"2025-03-10","YCUOK","NA","EPCWTI","WTI Crude Oil","PF4","Spot Price FOB","RWTC","Cushing, OK WTI Spot Price FOB (Dollars per Barrel)","66.31","$/BBL"
"2025-03-10","ZEU","NA","EPCBRENT","UK Brent Crude Oil","PF4","Spot Price FOB","RBRTE","Europe Brent Spot Price FOB (Dollars per Barrel)","71.08","$/BBL"
"2025-03-11","YCUOK","NA","EPCWTI","WTI Crude Oil","PF4","Spot Price FOB","RWTC","Cushing, OK WTI Spot Price FOB (Dollars per Barrel)","66.52","$/BBL"
"2025-03-11","ZEU","NA","EPCBRENT","UK Brent Crude Oil","PF4","Spot Price FOB","RBRTE","Europe Brent Spot Price FOB (Dollars per Barrel)","71.51","$/BBL"
"2025-03-12","YCUOK","NA","EPCWTI","WTI Crude Oil","PF4","Spot Price FOB","RWTC","Cushing, OK WTI Spot Price FOB (Dollars per Barrel)","67.65","$/BBL"
"2025-03-12","ZEU","NA","EPCBRENT","UK Brent Crude Oil","PF4","Spot Price FOB","RBRTE","Europe Brent Spot Price FOB (Dollars per Barrel)","72.36","$/BBL"
"2025-03-13","YCUOK","NA","EPCWTI","WTI Crude Oil","PF4","Spot Price FOB","RWTC","Cushing, OK WTI Spot Price FOB (Dollars per Barrel)","66.82","$/BBL"
"2025-03-13","ZEU","NA","EPCBRENT","UK Brent Crude Oil","PF4","Spot Price FOB","RBRTE","Europe Brent Spot Price FOB (Dollars per Barrel)","70.82","$/BBL"
"2025-03-14","YCUOK","NA","EPCWTI","WTI Crude Oil","PF4","Spot Price FOB","RWTC","Cushing, OK WTI Spot Price FOB (Dollars per Barrel)","67.43","$/BBL"
"2025-03-14","ZEU","NA","EPCBRENT","UK Brent Crude Oil","PF4","Spot Price FOB","RBRTE","Europe Brent Spot Price FOB (Dollars per Barrel)","71.94","$/BBL"
"2025-03-17","YCUOK","NA","EPCWTI","WTI Crude Oil","PF4","Spot Price FOB","RWTC","Cushing, OK WTI Spot Price FOB (Dollars per Barrel)","67.84","$/BBL"
"2025-03-17","ZEU","NA","EPCBRENT","UK Brent Crude Oil","PF4","Spot Price FOB","RBRTE","Europe Brent Spot Price FOB (Dollars per Barrel)","71.93","$/BBL"
"2025-03-18","YCUOK","NA","EPCWTI","WTI Crude Oil","PF4","Spot Price FOB","RWTC","Cushing, OK WTI Spot Price FOB (Dollars per Barrel)","67.49","$/BBL"
"2025-03-18","ZEU","NA","EPCBRENT","UK Brent Crude Oil","PF4","Spot Price FOB","RBRTE","Europe Brent Spot Price FOB (Dollars per Barrel)","71.93","$/BBL"
"2025-03-19","YCUOK","NA","EPCWTI","WTI Crude Oil","PF4","Spot Price FOB","RWTC","Cushing, OK WTI Spot Price FOB (Dollars per Barrel)","67.4","$/BBL"
"2025-03-19","ZEU","NA","EPCBRENT","UK Brent Crude Oil","PF4","Spot Price FOB","RBRTE","Europe Brent Spot Price FOB (Dollars per Barrel)","71.94","$/BBL"
"2025-03-20","YCUOK","NA","EPCWTI","WTI Crude Oil","PF4","Spot Price FOB","RWTC","Cushing, OK WTI Spot Price FOB (Dollars per Barrel)","68.55","$/BBL"
"2025-03-20","ZEU","NA","EPCBRENT","UK Brent Crude Oil","PF4","Spot Price FOB","RBRTE","Europe Brent Spot Price FOB (Dollars per Barrel)","72.61","$/BBL"
"2025-03-21","YCUOK","NA","EPCWTI","WTI Crude Oil","PF4","Spot Price FOB","RWTC","Cushing, OK WTI Spot Price FOB (Dollars per Barrel)","68.52","$/BBL"
"2025-03-21","ZEU","NA","EPCBRENT","UK Brent Crude Oil","PF4","Spot Price FOB","RBRTE","Europe Brent Spot Price FOB (Dollars per Barrel)","72.64","$/BBL"
"2025-03-24","YCUOK","NA","EPCWTI","WTI Crude Oil","PF4","Spot Price FOB","RWTC","Cushing, OK WTI Spot Price FOB (Dollars per Barrel)","69.46","$/BBL"
"2025-03-24","ZEU","NA","EPCBRENT","UK Brent Crude Oil","PF4","Spot Price FOB","RBRTE","Europe Brent Spot Price FOB (Dollars per Barrel)","73.96","$/BBL"
"2025-03-25","YCUOK","NA","EPCWTI","WTI Crude Oil","PF4","Spot Price FOB","RWTC","Cushing, OK WTI Spot Price FOB (Dollars per Barrel)","69.48","$/BBL"
"2025-03-25","ZEU","NA","EPCBRENT","UK Brent Crude Oil","PF4","Spot Price FOB","RBRTE","Europe Brent Spot Price FOB (Dollars per Barrel)","73.78","$/BBL"
"2025-03-26","YCUOK","NA","EPCWTI","WTI Crude Oil","PF4","Spot Price FOB","RWTC","Cushing, OK WTI Spot Price FOB (Dollars per Barrel)","70.05","$/BBL"
"2025-03-26","ZEU","NA","EPCBRENT","UK Brent Crude Oil","PF4","Spot Price FOB","RBRTE","Europe Brent Spot Price FOB (Dollars per Barrel)","74.6","$/BBL"
"2025-03-27","YCUOK","NA","EPCWTI","WTI Crude Oil","PF4","Spot Price FOB","RWTC","Cushing, OK WTI Spot Price FOB (Dollars per Barrel)","70.3","$/BBL"
"2025-03-27","ZEU","NA","EPCBRENT","UK Brent Crude Oil","PF4","Spot Price FOB","RBRTE","Europe Brent Spot Price FOB (Dollars per Barrel)","74.72","$/BBL"
"2025-03-28","YCUOK","NA","EPCWTI","WTI Crude Oil","PF4","Spot Price FOB","RWTC","Cushing, OK WTI Spot Price FOB (Dollars per Barrel)","69.74","$/BBL"
"2025-03-28","ZEU","NA","EPCBRENT","UK Brent Crude Oil","PF4","Spot Price FOB","RBRTE","Europe Brent Spot Price FOB (Dollars per Barrel)","74.69","$/BBL"
"2025-03-31","YCUOK","NA","EPCWTI","WTI Crude Oil","PF4","Spot Price FOB","RWTC","Cushing, OK WTI Spot Price FOB (Dollars per Barrel)","71.87","$/BBL"
"2025-03-31","ZEU","NA","EPCBRENT","UK Brent Crude Oil","PF4","Spot Price FOB","RBRTE","Europe Brent Spot Price FOB (Dollars per Barrel)","77.23","$/BBL"
"2025-04-01","YCUOK","NA","EPCWTI","WTI Crude Oil","PF4","Spot Price FOB","RWTC","Cushing, OK WTI Spot Price FOB (Dollars per Barrel)","71.61","$/BBL"
"2025-04-01","ZEU","NA","EPCBRENT","UK Brent Crude Oil","PF4","Spot Price FOB","RBRTE","Europe Brent Spot Price FOB (Dollars per Barrel)","77.78","$/BBL"
"2025-04-02","YCUOK","NA","EPCWTI","WTI Crude Oil","PF4","Spot Price FOB","RWTC","Cushing, OK WTI Spot Price FOB (Dollars per Barrel)","72.12","$/BBL"
"2025-04-02","ZEU","NA","EPCBRENT","UK Brent Crude Oil","PF4","Spot Price FOB","RBRTE","Europe Brent Spot Price FOB (Dollars per Barrel)","77.27","$/BBL"
"2025-04-03","YCUOK","NA","EPCWTI","WTI Crude Oil","PF4","Spot Price FOB","RWTC","Cushing, OK WTI Spot Price FOB (Dollars per Barrel)","67.43","$/BBL"
"2025-04-03","ZEU","NA","EPCBRENT","UK Brent Crude Oil","PF4","Spot Price FOB","RBRTE","Europe Brent Spot Price FOB (Dollars per Barrel)","72.54","$/BBL"
"2025-04-04","YCUOK","NA","EPCWTI","WTI Crude Oil","PF4","Spot Price FOB","RWTC","Cushing, OK WTI Spot Price FOB (Dollars per Barrel)","62.42","$/BBL"
"2025-04-04","ZEU","NA","EPCBRENT","UK Brent Crude Oil","PF4","Spot Price FOB","RBRTE","Europe Brent Spot Price FOB (Dollars per Barrel)","68.36","$/BBL"
"2025-04-07","YCUOK","NA","EPCWTI","WTI Crude Oil","PF4","Spot Price FOB","RWTC","Cushing, OK WTI Spot Price FOB (Dollars per Barrel)","61.05","$/BBL"
"2025-04-07","ZEU","NA","EPCBRENT","UK Brent Crude Oil","PF4","Spot Price FOB","RBRTE","Europe Brent Spot Price FOB (Dollars per Barrel)","66.13","$/BBL"
"2025-04-08","YCUOK","NA","EPCWTI","WTI Crude Oil","PF4","Spot Price FOB","RWTC","Cushing, OK WTI Spot Price FOB (Dollars per Barrel)","60.04","$/BBL"
"2025-04-08","ZEU","NA","EPCBRENT","UK Brent Crude Oil","PF4","Spot Price FOB","RBRTE","Europe Brent Spot Price FOB (Dollars per Barrel)","64.86","$/BBL"
"2025-04-09","YCUOK","NA","EPCWTI","WTI Crude Oil","PF4","Spot Price FOB","RWTC","Cushing, OK WTI Spot Price FOB (Dollars per Barrel)","62.63","$/BBL"
"2025-04-09","ZEU","NA","EPCBRENT","UK Brent Crude Oil","PF4","Spot Price FOB","RBRTE","Europe Brent Spot Price FOB (Dollars per Barrel)","67.3","$/BBL"
"2025-04-10","YCUOK","NA","EPCWTI","WTI Crude Oil","PF4","Spot Price FOB","RWTC","Cushing, OK WTI Spot Price FOB (Dollars per Barrel)","60.57","$/BBL"
"2025-04-10","ZEU","NA","EPCBRENT","UK Brent Crude Oil","PF4","Spot Price FOB","RBRTE","Europe Brent Spot Price FOB (Dollars per Barrel)","65.37","$/BBL"
"2025-04-11","YCUOK","NA","EPCWTI","WTI Crude Oil","PF4","Spot Price FOB","RWTC","Cushing, OK WTI Spot Price FOB (Dollars per Barrel)","61.91","$/BBL"
"2025-04-11","ZEU","NA","EPCBRENT","UK Brent Crude Oil","PF4","Spot Price FOB","RBRTE","Europe Brent Spot Price FOB (Dollars per Barrel)","66.83","$/BBL"
"2025-04-14","YCUOK","NA","EPCWTI","WTI Crude Oil","PF4","Spot Price FOB","RWTC","Cushing, OK WTI Spot Price FOB (Dollars per Barrel)","61.99","$/BBL"
"2025-04-14","ZEU","NA","EPCBRENT","UK Brent Crude Oil","PF4","Spot Price FOB","RBRTE","Europe Brent Spot Price FOB (Dollars per Barrel)","67.18","$/BBL"
"2025-04-15","YCUOK","NA","EPCWTI","WTI Crude Oil","PF4","Spot Price FOB","RWTC","Cushing, OK WTI Spot Price FOB (Dollars per Barrel)","61.74","$/BBL"
"2025-04-15","ZEU","NA","EPCBRENT","UK Brent Crude Oil","PF4","Spot Price FOB","RBRTE","Europe Brent Spot Price FOB (Dollars per Barrel)","66.58","$/BBL"
"2025-04-16","YCUOK","NA","EPCWTI","WTI Crude Oil","PF4","Spot Price FOB","RWTC","Cushing, OK WTI Spot Price FOB (Dollars per Barrel)","62.88","$/BBL"
"2025-04-16","ZEU","NA","EPCBRENT","UK Brent Crude Oil","PF4","Spot Price FOB","RBRTE","Europe Brent Spot Price FOB (Dollars per Barrel)","67.94","$/BBL"
"2025-04-17","YCUOK","NA","EPCWTI","WTI Crude Oil","PF4","Spot Price FOB","RWTC","Cushing, OK WTI Spot Price FOB (Dollars per Barrel)","65.07","$/BBL"
"2025-04-17","ZEU","NA","EPCBRENT","UK Brent Crude Oil","PF4","Spot Price FOB","RBRTE","Europe Brent Spot Price FOB (Dollars per Barrel)","69.33","$/BBL"
"2025-04-21","YCUOK","NA","EPCWTI","WTI Crude Oil","PF4","Spot Price FOB","RWTC","Cushing, OK WTI Spot Price FOB (Dollars per Barrel)","63.48","$/BBL"
"2025-04-22","YCUOK","NA","EPCWTI","WTI Crude Oil","PF4","Spot Price FOB","RWTC","Cushing, OK WTI Spot Price FOB (Dollars per Barrel)","64.6","$/BBL"
"2025-04-22","ZEU","NA","EPCBRENT","UK Brent Crude Oil","PF4","Spot Price FOB","RBRTE","Europe Brent Spot Price FOB (Dollars per Barrel)","68.93","$/BBL"
"2025-04-23","YCUOK","NA","EPCWTI","WTI Crude Oil","PF4","Spot Price FOB","RWTC","Cushing, OK WTI Spot Price FOB (Dollars per Barrel)","62.64","$/BBL"
"2025-04-23","ZEU","NA","EPCBRENT","UK Brent Crude Oil","PF4","Spot Price FOB","RBRTE","Europe Brent Spot Price FOB (Dollars per Barrel)","68.26","$/BBL"
"2025-04-24","YCUOK","NA","EPCWTI","WTI Crude Oil","PF4","Spot Price FOB","RWTC","Cushing, OK WTI Spot Price FOB (Dollars per Barrel)","63.55","$/BBL"
"2025-04-24","ZEU","NA","EPCBRENT","UK Brent Crude Oil","PF4","Spot Price FOB","RBRTE","Europe Brent Spot Price FOB (Dollars per Barrel)","67.5","$/BBL"
"2025-04-25","YCUOK","NA","EPCWTI","WTI Crude Oil","PF4","Spot Price FOB","RWTC","Cushing, OK WTI Spot Price FOB (Dollars per Barrel)","63.85","$/BBL"
"2025-04-25","ZEU","NA","EPCBRENT","UK Brent Crude Oil","PF4","Spot Price FOB","RBRTE","Europe Brent Spot Price FOB (Dollars per Barrel)","66.99","$/BBL"
"2025-04-28","YCUOK","NA","EPCWTI","WTI Crude Oil","PF4","Spot Price FOB","RWTC","Cushing, OK WTI Spot Price FOB (Dollars per Barrel)","63.3","$/BBL"
"2025-04-28","ZEU","NA","EPCBRENT","UK Brent Crude Oil","PF4","Spot Price FOB","RBRTE","Europe Brent Spot Price FOB (Dollars per Barrel)","66.13","$/BBL"
"2025-04-29","YCUOK","NA","EPCWTI","WTI Crude Oil","PF4","Spot Price FOB","RWTC","Cushing, OK WTI Spot Price FOB (Dollars per Barrel)","61.84","$/BBL"
"2025-04-29","ZEU","NA","EPCBRENT","UK Brent Crude Oil","PF4","Spot Price FOB","RBRTE","Europe Brent Spot Price FOB (Dollars per Barrel)","64.04","$/BBL"
"2025-04-30","YCUOK","NA","EPCWTI","WTI Crude Oil","PF4","Spot Price FOB","RWTC","Cushing, OK WTI Spot Price FOB (Dollars per Barrel)","59.55","$/BBL"
"2025-04-30","ZEU","NA","EPCBRENT","UK Brent Crude Oil","PF4","Spot Price FOB","RBRTE","Europe Brent Spot Price FOB (Dollars per Barrel)","63.37","$/BBL"
"2025-05-01","YCUOK","NA","EPCWTI","WTI Crude Oil","PF4","Spot Price FOB","RWTC","Cushing, OK WTI Spot Price FOB (Dollars per Barrel)","60.59","$/BBL"
"2025-05-01","ZEU","NA","EPCBRENT","UK Brent Crude Oil","PF4","Spot Price FOB","RBRTE","Europe Brent Spot Price FOB (Dollars per Barrel)","62.37","$/BBL"
"2025-05-02","YCUOK","NA","EPCWTI","WTI Crude Oil","PF4","Spot Price FOB","RWTC","Cushing, OK WTI Spot Price FOB (Dollars per Barrel)","59.67","$/BBL"
"2025-05-02","ZEU","NA","EPCBRENT","UK Brent Crude Oil","PF4","Spot Price FOB","RBRTE","Europe Brent Spot Price FOB (Dollars per Barrel)","61.57","$/BBL"
"2025-05-05","YCUOK","NA","EPCWTI","WTI Crude Oil","PF4","Spot Price FOB","RWTC","Cushing, OK WTI Spot Price FOB (Dollars per Barrel)","58.5","$/BBL"
"2025-05-06","YCUOK","NA","EPCWTI","WTI Crude Oil","PF4","Spot Price FOB","RWTC","Cushing, OK WTI Spot Price FOB (Dollars per Barrel)","60.42","$/BBL"
"2025-05-06","ZEU","NA","EPCBRENT","UK Brent Crude Oil","PF4","Spot Price FOB","RBRTE","Europe Brent Spot Price FOB (Dollars per Barrel)","62.37","$/BBL"
"2025-05-07","YCUOK","NA","EPCWTI","WTI Crude Oil","PF4","Spot Price FOB","RWTC","Cushing, OK WTI Spot Price FOB (Dollars per Barrel)","59.42","$/BBL"
"2025-05-07","ZEU","NA","EPCBRENT","UK Brent Crude Oil","PF4","Spot Price FOB","RBRTE","Europe Brent Spot Price FOB (Dollars per Barrel)","60.31","$/BBL"
"2025-05-08","YCUOK","NA","EPCWTI","WTI Crude Oil","PF4","Spot Price FOB","RWTC","Cushing, OK WTI Spot Price FOB (Dollars per Barrel)","61.25","$/BBL"
"2025-05-08","ZEU","NA","EPCBRENT","UK Brent Crude Oil","PF4","Spot Price FOB","RBRTE","Europe Brent Spot Price FOB (Dollars per Barrel)","62.22","$/BBL"
"2025-05-09","YCUOK","NA","EPCWTI","WTI Crude Oil","PF4","Spot Price FOB","RWTC","Cushing, OK WTI Spot Price FOB (Dollars per Barrel)","62.37","$/BBL"
"2025-05-09","ZEU","NA","EPCBRENT","UK Brent Crude Oil","PF4","Spot Price FOB","RBRTE","Europe Brent Spot Price FOB (Dollars per Barrel)","64.26","$/BBL"
"2025-05-12","YCUOK","NA","EPCWTI","WTI Crude Oil","PF4","Spot Price FOB","RWTC","Cushing, OK WTI Spot Price FOB (Dollars per Barrel)","63.32","$/BBL"
"2025-05-12","ZEU","NA","EPCBRENT","UK Brent Crude Oil","PF4","Spot Price FOB","RBRTE","Europe Brent Spot Price FOB (Dollars per Barrel)","65.28","$/BBL"
"2025-05-13","YCUOK","NA","EPCWTI","WTI Crude Oil","PF4","Spot Price FOB","RWTC","Cushing, OK WTI Spot Price FOB (Dollars per Barrel)","65.04","$/BBL"
"2025-05-13","ZEU","NA","EPCBRENT","UK Brent Crude Oil","PF4","Spot Price FOB","RBRTE","Europe Brent Spot Price FOB (Dollars per Barrel)","66.93","$/BBL"
"2025-05-14","YCUOK","NA","EPCWTI","WTI Crude Oil","PF4","Spot Price FOB","RWTC","Cushing, OK WTI Spot Price FOB (Dollars per Barrel)","64.48","$/BBL"
"2025-05-14","ZEU","NA","EPCBRENT","UK Brent Crude Oil","PF4","Spot Price FOB","RBRTE","Europe Brent Spot Price FOB (Dollars per Barrel)","65.91","$/BBL"
"2025-05-15","YCUOK","NA","EPCWTI","WTI Crude Oil","PF4","Spot Price FOB","RWTC","Cushing, OK WTI Spot Price FOB (Dollars per Barrel)","63.03","$/BBL"
"2025-05-15","ZEU","NA","EPCBRENT","UK Brent Crude Oil","PF4","Spot Price FOB","RBRTE","Europe Brent Spot Price FOB (Dollars per Barrel)","64.36","$/BBL"
"2025-05-16","YCUOK","NA","EPCWTI","WTI Crude Oil","PF4","Spot Price FOB","RWTC","Cushing, OK WTI Spot Price FOB (Dollars per Barrel)","63.84","$/BBL"
"2025-05-16","ZEU","NA","EPCBRENT","UK Brent Crude Oil","PF4","Spot Price FOB","RBRTE","Europe Brent Spot Price FOB (Dollars per Barrel)","65.2","$/BBL"
"2025-05-19","YCUOK","NA","EPCWTI","WTI Crude Oil","PF4","Spot Price FOB","RWTC","Cushing, OK WTI Spot Price FOB (Dollars per Barrel)","63.98","$/BBL"
"2025-05-19","ZEU","NA","EPCBRENT","UK Brent Crude Oil","PF4","Spot Price FOB","RBRTE","Europe Brent Spot Price FOB (Dollars per Barrel)","66.25","$/BBL"
"2025-05-20","YCUOK","NA","EPCWTI","WTI Crude Oil","PF4","Spot Price FOB","RWTC","Cushing, OK WTI Spot Price FOB (Dollars per Barrel)","63.97","$/BBL"
"2025-05-20","ZEU","NA","EPCBRENT","UK Brent Crude Oil","PF4","Spot Price FOB","RBRTE","Europe Brent Spot Price FOB (Dollars per Barrel)","66.93","$/BBL"
"2025-05-21","YCUOK","NA","EPCWTI","WTI Crude Oil","PF4","Spot Price FOB","RWTC","Cushing, OK WTI Spot Price FOB (Dollars per Barrel)","62.93","$/BBL"
"2025-05-21","ZEU","NA","EPCBRENT","UK Brent Crude Oil","PF4","Spot Price FOB","RBRTE","Europe Brent Spot Price FOB (Dollars per Barrel)","65.86","$/BBL"
"2025-05-22","YCUOK","NA","EPCWTI","WTI Crude Oil","PF4","Spot Price FOB","RWTC","Cushing, OK WTI Spot Price FOB (Dollars per Barrel)","62.55","$/BBL"
"2025-05-22","ZEU","NA","EPCBRENT","UK Brent Crude Oil","PF4","Spot Price FOB","RBRTE","Europe Brent Spot Price FOB (Dollars per Barrel)","64.87","$/BBL"
"2025-05-23","YCUOK","NA","EPCWTI","WTI Crude Oil","PF4","Spot Price FOB","RWTC","Cushing, OK WTI Spot Price FOB (Dollars per Barrel)","62.89","$/BBL"
"2025-05-23","ZEU","NA","EPCBRENT","UK Brent Crude Oil","PF4","Spot Price FOB","RBRTE","Europe Brent Spot Price FOB (Dollars per Barrel)","65.41","$/BBL"
"2025-05-27","YCUOK","NA","EPCWTI","WTI Crude Oil","PF4","Spot Price FOB","RWTC","Cushing, OK WTI Spot Price FOB (Dollars per Barrel)","61.61","$/BBL"
"2025-05-27","ZEU","NA","EPCBRENT","UK Brent Crude Oil","PF4","Spot Price FOB","RBRTE","Europe Brent Spot Price FOB (Dollars per Barrel)","64.32","$/BBL"
"2025-05-28","YCUOK","NA","EPCWTI","WTI Crude Oil","PF4","Spot Price FOB","RWTC","Cushing, OK WTI Spot Price FOB (Dollars per Barrel)","62.54","$/BBL"
"2025-05-28","ZEU","NA","EPCBRENT","UK Brent Crude Oil","PF4","Spot Price FOB","RBRTE","Europe Brent Spot Price FOB (Dollars per Barrel)","65.72","$/BBL"
"2025-05-29","YCUOK","NA","EPCWTI","WTI Crude Oil","PF4","Spot Price FOB","RWTC","Cushing, OK WTI Spot Price FOB (Dollars per Barrel)","61.66","$/BBL"
"2025-05-29","ZEU","NA","EPCBRENT","UK Brent Crude Oil","PF4","Spot Price FOB","RBRTE","Europe Brent Spot Price FOB (Dollars per Barrel)","64.6","$/BBL"
"2025-05-30","YCUOK","NA","EPCWTI","WTI Crude Oil","PF4","Spot Price FOB","RWTC","Cushing, OK WTI Spot Price FOB (Dollars per Barrel)","61.46","$/BBL"
"2025-05-30","ZEU","NA","EPCBRENT","UK Brent Crude Oil","PF4","Spot Price FOB","RBRTE","Europe Brent Spot Price FOB (Dollars per Barrel)","64.32","$/BBL"
"2025-06-02","YCUOK","NA","EPCWTI","WTI Crude Oil","PF4","Spot Price FOB","RWTC","Cushing, OK WTI Spot Price FOB (Dollars per Barrel)","63.27","$/BBL"
"2025-06-02","ZEU","NA","EPCBRENT","UK Brent Crude Oil","PF4","Spot Price FOB","RBRTE","Europe Brent Spot Price FOB (Dollars per Barrel)","66.55","$/BBL"
"2025-06-03","YCUOK","NA","EPCWTI","WTI Crude Oil","PF4","Spot Price FOB","RWTC","Cushing, OK WTI Spot Price FOB (Dollars per Barrel)","64.1","$/BBL"
"2025-06-03","ZEU","NA","EPCBRENT","UK Brent Crude Oil","PF4","Spot Price FOB","RBRTE","Europe Brent Spot Price FOB (Dollars per Barrel)","67.48","$/BBL"
"2025-06-04","YCUOK","NA","EPCWTI","WTI Crude Oil","PF4","Spot Price FOB","RWTC","Cushing, OK WTI Spot Price FOB (Dollars per Barrel)","63.57","$/BBL"
"2025-06-04","ZEU","NA","EPCBRENT","UK Brent Crude Oil","PF4","Spot Price FOB","RBRTE","Europe Brent Spot Price FOB (Dollars per Barrel)","66.69","$/BBL"
"2025-06-05","YCUOK","NA","EPCWTI","WTI Crude Oil","PF4","Spot Price FOB","RWTC","Cushing, OK WTI Spot Price FOB (Dollars per Barrel)","64.06","$/BBL"
"2025-06-05","ZEU","NA","EPCBRENT","UK Brent Crude Oil","PF4","Spot Price FOB","RBRTE","Europe Brent Spot Price FOB (Dollars per Barrel)","67.14","$/BBL"
"2025-06-06","YCUOK","NA","EPCWTI","WTI Crude Oil","PF4","Spot Price FOB","RWTC","Cushing, OK WTI Spot Price FOB (Dollars per Barrel)","65.3","$/BBL"
"2025-06-06","ZEU","NA","EPCBRENT","UK Brent Crude Oil","PF4","Spot Price FOB","RBRTE","Europe Brent Spot Price FOB (Dollars per Barrel)","68.02","$/BBL"
"2025-06-09","YCUOK","NA","EPCWTI","WTI Crude Oil","PF4","Spot Price FOB","RWTC","Cushing, OK WTI Spot Price FOB (Dollars per Barrel)","65.99","$/BBL"
"2025-06-09","ZEU","NA","EPCBRENT","UK Brent Crude Oil","PF4","Spot Price FOB","RBRTE","Europe Brent Spot Price FOB (Dollars per Barrel)","68.73","$/BBL"
"2025-06-10","YCUOK","NA","EPCWTI","WTI Crude Oil","PF4","Spot Price FOB","RWTC","Cushing, OK WTI Spot Price FOB (Dollars per Barrel)","65.66","$/BBL"
"2025-06-10","ZEU","NA","EPCBRENT","UK Brent Crude Oil","PF4","Spot Price FOB","RBRTE","Europe Brent Spot Price FOB (Dollars per Barrel)","68.41","$/BBL"
"2025-06-11","YCUOK","NA","EPCWTI","WTI Crude Oil","PF4","Spot Price FOB","RWTC","Cushing, OK WTI Spot Price FOB (Dollars per Barrel)","68.91","$/BBL"
"2025-06-11","ZEU","NA","EPCBRENT","UK Brent Crude Oil","PF4","Spot Price FOB","RBRTE","Europe Brent Spot Price FOB (Dollars per Barrel)","71.29","$/BBL"
"2025-06-12","YCUOK","NA","EPCWTI","WTI Crude Oil","PF4","Spot Price FOB","RWTC","Cushing, OK WTI Spot Price FOB (Dollars per Barrel)","68.73","$/BBL"
"2025-06-12","ZEU","NA","EPCBRENT","UK Brent Crude Oil","PF4","Spot Price FOB","RBRTE","Europe Brent Spot Price FOB (Dollars per Barrel)","70.84","$/BBL"
"2025-06-13","YCUOK","NA","EPCWTI","WTI Crude Oil","PF4","Spot Price FOB","RWTC","Cushing, OK WTI Spot Price FOB (Dollars per Barrel)","73.84","$/BBL"
"2025-06-13","ZEU","NA","EPCBRENT","UK Brent Crude Oil","PF4","Spot Price FOB","RBRTE","Europe Brent Spot Price FOB (Dollars per Barrel)","76","$/BBL"
"2025-06-16","YCUOK","NA","EPCWTI","WTI Crude Oil","PF4","Spot Price FOB","RWTC","Cushing, OK WTI Spot Price FOB (Dollars per Barrel)","72.53","$/BBL"
"2025-06-16","ZEU","NA","EPCBRENT","UK Brent Crude Oil","PF4","Spot Price FOB","RBRTE","Europe Brent Spot Price FOB (Dollars per Barrel)","75.05","$/BBL"
"2025-06-17","YCUOK","NA","EPCWTI","WTI Crude Oil","PF4","Spot Price FOB","RWTC","Cushing, OK WTI Spot Price FOB (Dollars per Barrel)","75.62","$/BBL"
"2025-06-17","ZEU","NA","EPCBRENT","UK Brent Crude Oil","PF4","Spot Price FOB","RBRTE","Europe Brent Spot Price FOB (Dollars per Barrel)","78.7","$/BBL"
"2025-06-18","YCUOK","NA","EPCWTI","WTI Crude Oil","PF4","Spot Price FOB","RWTC","Cushing, OK WTI Spot Price FOB (Dollars per Barrel)","75.89","$/BBL"
"2025-06-18","ZEU","NA","EPCBRENT","UK Brent Crude Oil","PF4","Spot Price FOB","RBRTE","Europe Brent Spot Price FOB (Dollars per Barrel)","78.38","$/BBL"
"2025-06-19","ZEU","NA","EPCBRENT","UK Brent Crude Oil","PF4","Spot Price FOB","RBRTE","Europe Brent Spot Price FOB (Dollars per Barrel)","80.37","$/BBL"
"2025-06-20","YCUOK","NA","EPCWTI","WTI Crude Oil","PF4","Spot Price FOB","RWTC","Cushing, OK WTI Spot Price FOB (Dollars per Barrel)","75.72","$/BBL"
"2025-06-20","ZEU","NA","EPCBRENT","UK Brent Crude Oil","PF4","Spot Price FOB","RBRTE","Europe Brent Spot Price FOB (Dollars per Barrel)","78.73","$/BBL"
"2025-06-23","YCUOK","NA","EPCWTI","WTI Crude Oil","PF4","Spot Price FOB","RWTC","Cushing, OK WTI Spot Price FOB (Dollars per Barrel)","69.36","$/BBL"
"2025-06-23","ZEU","NA","EPCBRENT","UK Brent Crude Oil","PF4","Spot Price FOB","RBRTE","Europe Brent Spot Price FOB (Dollars per Barrel)","74.34","$/BBL"
"2025-06-24","YCUOK","NA","EPCWTI","WTI Crude Oil","PF4","Spot Price FOB","RWTC","Cushing, OK WTI Spot Price FOB (Dollars per Barrel)","65.45","$/BBL"
"2025-06-24","ZEU","NA","EPCBRENT","UK Brent Crude Oil","PF4","Spot Price FOB","RBRTE","Europe Brent Spot Price FOB (Dollars per Barrel)","69.13","$/BBL"
"2025-06-25","YCUOK","NA","EPCWTI","WTI Crude Oil","PF4","Spot Price FOB","RWTC","Cushing, OK WTI Spot Price FOB (Dollars per Barrel)","65.98","$/BBL"
"2025-06-25","ZEU","NA","EPCBRENT","UK Brent Crude Oil","PF4","Spot Price FOB","RBRTE","Europe Brent Spot Price FOB (Dollars per Barrel)","68.4","$/BBL"
"2025-06-26","YCUOK","NA","EPCWTI","WTI Crude Oil","PF4","Spot Price FOB","RWTC","Cushing, OK WTI Spot Price FOB (Dollars per Barrel)","66.44","$/BBL"
"2025-06-26","ZEU","NA","EPCBRENT","UK Brent Crude Oil","PF4","Spot Price FOB","RBRTE","Europe Brent Spot Price FOB (Dollars per Barrel)","68.57","$/BBL"
"2025-06-27","YCUOK","NA","EPCWTI","WTI Crude Oil","PF4","Spot Price FOB","RWTC","Cushing, OK WTI Spot Price FOB (Dollars per Barrel)","66.66","$/BBL"
"2025-06-27","ZEU","NA","EPCBRENT","UK Brent Crude Oil","PF4","Spot Price FOB","RBRTE","Europe Brent Spot Price FOB (Dollars per Barrel)","69.37","$/BBL"
"2025-06-30","YCUOK","NA","EPCWTI","WTI Crude Oil","PF4","Spot Price FOB","RWTC","Cushing, OK WTI Spot Price FOB (Dollars per Barrel)","66.3","$/BBL"
"2025-06-30","ZEU","NA","EPCBRENT","UK Brent Crude Oil","PF4","Spot Price FOB","RBRTE","Europe Brent Spot Price FOB (Dollars per Barrel)","68.15","$/BBL"
"2025-07-01","YCUOK","NA","EPCWTI","WTI Crude Oil","PF4","Spot Price FOB","RWTC","Cushing, OK WTI Spot Price FOB (Dollars per Barrel)","66.64","$/BBL"
"2025-07-01","ZEU","NA","EPCBRENT","UK Brent Crude Oil","PF4","Spot Price FOB","RBRTE","Europe Brent Spot Price FOB (Dollars per Barrel)","67.63","$/BBL"
"2025-07-02","YCUOK","NA","EPCWTI","WTI Crude Oil","PF4","Spot Price FOB","RWTC","Cushing, OK WTI Spot Price FOB (Dollars per Barrel)","68.66","$/BBL"
"2025-07-02","ZEU","NA","EPCBRENT","UK Brent Crude Oil","PF4","Spot Price FOB","RBRTE","Europe Brent Spot Price FOB (Dollars per Barrel)","70.8","$/BBL"
"2025-07-03","YCUOK","NA","EPCWTI","WTI Crude Oil","PF4","Spot Price FOB","RWTC","Cushing, OK WTI Spot Price FOB (Dollars per Barrel)","68.13","$/BBL"
"2025-07-03","ZEU","NA","EPCBRENT","UK Brent Crude Oil","PF4","Spot Price FOB","RBRTE","Europe Brent Spot Price FOB (Dollars per Barrel)","70.42","$/BBL"
"2025-07-04","ZEU","NA","EPCBRENT","UK Brent Crude Oil","PF4","Spot Price FOB","RBRTE","Europe Brent Spot Price FOB (Dollars per Barrel)","71.03","$/BBL"
"2025-07-07","YCUOK","NA","EPCWTI","WTI Crude Oil","PF4","Spot Price FOB","RWTC","Cushing, OK WTI Spot Price FOB (Dollars per Barrel)","69.16","$/BBL"
"2025-07-07","ZEU","NA","EPCBRENT","UK Brent Crude Oil","PF4","Spot Price FOB","RBRTE","Europe Brent Spot Price FOB (Dollars per Barrel)","71.95","$/BBL"
"2025-07-08","YCUOK","NA","EPCWTI","WTI Crude Oil","PF4","Spot Price FOB","RWTC","Cushing, OK WTI Spot Price FOB (Dollars per Barrel)","69.55","$/BBL"
"2025-07-08","ZEU","NA","EPCBRENT","UK Brent Crude Oil","PF4","Spot Price FOB","RBRTE","Europe Brent Spot Price FOB (Dollars per Barrel)","72.5","$/BBL"
"2025-07-09","YCUOK","NA","EPCWTI","WTI Crude Oil","PF4","Spot Price FOB","RWTC","Cushing, OK WTI Spot Price FOB (Dollars per Barrel)","69.61","$/BBL"
"2025-07-09","ZEU","NA","EPCBRENT","UK Brent Crude Oil","PF4","Spot Price FOB","RBRTE","Europe Brent Spot Price FOB (Dollars per Barrel)","71.98","$/BBL"
"2025-07-10","YCUOK","NA","EPCWTI","WTI Crude Oil","PF4","Spot Price FOB","RWTC","Cushing, OK WTI Spot Price FOB (Dollars per Barrel)","67.78","$/BBL"
"2025-07-10","ZEU","NA","EPCBRENT","UK Brent Crude Oil","PF4","Spot Price FOB","RBRTE","Europe Brent Spot Price FOB (Dollars per Barrel)","70.38","$/BBL"
"2025-07-11","YCUOK","NA","EPCWTI","WTI Crude Oil","PF4","Spot Price FOB","RWTC","Cushing, OK WTI Spot Price FOB (Dollars per Barrel)","69.63","$/BBL"
"2025-07-11","ZEU","NA","EPCBRENT","UK Brent Crude Oil","PF4","Spot Price FOB","RBRTE","Europe Brent Spot Price FOB (Dollars per Barrel)","72.06","$/BBL"
"2025-07-14","YCUOK","NA","EPCWTI","WTI Crude Oil","PF4","Spot Price FOB","RWTC","Cushing, OK WTI Spot Price FOB (Dollars per Barrel)","68.19","$/BBL"
"2025-07-14","ZEU","NA","EPCBRENT","UK Brent Crude Oil","PF4","Spot Price FOB","RBRTE","Europe Brent Spot Price FOB (Dollars per Barrel)","70.96","$/BBL"
"2025-07-15","YCUOK","NA","EPCWTI","WTI Crude Oil","PF4","Spot Price FOB","RWTC","Cushing, OK WTI Spot Price FOB (Dollars per Barrel)","67.76","$/BBL"
"2025-07-15","ZEU","NA","EPCBRENT","UK Brent Crude Oil","PF4","Spot Price FOB","RBRTE","Europe Brent Spot Price FOB (Dollars per Barrel)","70.27","$/BBL"
"2025-07-16","YCUOK","NA","EPCWTI","WTI Crude Oil","PF4","Spot Price FOB","RWTC","Cushing, OK WTI Spot Price FOB (Dollars per Barrel)","67.13","$/BBL"
"2025-07-16","ZEU","NA","EPCBRENT","UK Brent Crude Oil","PF4","Spot Price FOB","RBRTE","Europe Brent Spot Price FOB (Dollars per Barrel)","69.67","$/BBL"
"2025-07-17","YCUOK","NA","EPCWTI","WTI Crude Oil","PF4","Spot Price FOB","RWTC","Cushing, OK WTI Spot Price FOB (Dollars per Barrel)","68.76","$/BBL"
"2025-07-17","ZEU","NA","EPCBRENT","UK Brent Crude Oil","PF4","Spot Price FOB","RBRTE","Europe Brent Spot Price FOB (Dollars per Barrel)","71.32","$/BBL"
"2025-07-18","YCUOK","NA","EPCWTI","WTI Crude Oil","PF4","Spot Price FOB","RWTC","Cushing, OK WTI Spot Price FOB (Dollars per Barrel)","68.53","$/BBL"
"2025-07-18","ZEU","NA","EPCBRENT","UK Brent Crude Oil","PF4","Spot Price FOB","RBRTE","Europe Brent Spot Price FOB (Dollars per Barrel)","71.06","$/BBL"
"2025-07-21","YCUOK","NA","EPCWTI","WTI Crude Oil","PF4","Spot Price FOB","RWTC","Cushing, OK WTI Spot Price FOB (Dollars per Barrel)","68.39","$/BBL"
"2025-07-21","ZEU","NA","EPCBRENT","UK Brent Crude Oil","PF4","Spot Price FOB","RBRTE","Europe Brent Spot Price FOB (Dollars per Barrel)","71.92","$/BBL"
"2025-07-22","YCUOK","NA","EPCWTI","WTI Crude Oil","PF4","Spot Price FOB","RWTC","Cushing, OK WTI Spot Price FOB (Dollars per Barrel)","67.56","$/BBL"
"2025-07-22","ZEU","NA","EPCBRENT","UK Brent Crude Oil","PF4","Spot Price FOB","RBRTE","Europe Brent Spot Price FOB (Dollars per Barrel)","69.69","$/BBL"
"2025-07-23","YCUOK","NA","EPCWTI","WTI Crude Oil","PF4","Spot Price FOB","RWTC","Cushing, OK WTI Spot Price FOB (Dollars per Barrel)","66.05","$/BBL"
"2025-07-23","ZEU","NA","EPCBRENT","UK Brent Crude Oil","PF4","Spot Price FOB","RBRTE","Europe Brent Spot Price FOB (Dollars per Barrel)","69.17","$/BBL"
"2025-07-24","YCUOK","NA","EPCWTI","WTI Crude Oil","PF4","Spot Price FOB","RWTC","Cushing, OK WTI Spot Price FOB (Dollars per Barrel)","67.16","$/BBL"
"2025-07-24","ZEU","NA","EPCBRENT","UK Brent Crude Oil","PF4","Spot Price FOB","RBRTE","Europe Brent Spot Price FOB (Dollars per Barrel)","70.42","$/BBL"
"2025-07-25","YCUOK","NA","EPCWTI","WTI Crude Oil","PF4","Spot Price FOB","RWTC","Cushing, OK WTI Spot Price FOB (Dollars per Barrel)","66.38","$/BBL"
"2025-07-25","ZEU","NA","EPCBRENT","UK Brent Crude Oil","PF4","Spot Price FOB","RBRTE","Europe Brent Spot Price FOB (Dollars per Barrel)","69.23","$/BBL"
"2025-07-28","YCUOK","NA","EPCWTI","WTI Crude Oil","PF4","Spot Price FOB","RWTC","Cushing, OK WTI Spot Price FOB (Dollars per Barrel)","67.81","$/BBL"
"2025-07-28","ZEU","NA","EPCBRENT","UK Brent Crude Oil","PF4","Spot Price FOB","RBRTE","Europe Brent Spot Price FOB (Dollars per Barrel)","70.87","$/BBL"
"2025-07-29","YCUOK","NA","EPCWTI","WTI Crude Oil","PF4","Spot Price FOB","RWTC","Cushing, OK WTI Spot Price FOB (Dollars per Barrel)","70.27","$/BBL"
"2025-07-29","ZEU","NA","EPCBRENT","UK Brent Crude Oil","PF4","Spot Price FOB","RBRTE","Europe Brent Spot Price FOB (Dollars per Barrel)","73.21","$/BBL"
"2025-07-30","YCUOK","NA","EPCWTI","WTI Crude Oil","PF4","Spot Price FOB","RWTC","Cushing, OK WTI Spot Price FOB (Dollars per Barrel)","71.09","$/BBL"
"2025-07-30","ZEU","NA","EPCBRENT","UK Brent Crude Oil","PF4","Spot Price FOB","RBRTE","Europe Brent Spot Price FOB (Dollars per Barrel)","73.98","$/BBL"
"2025-07-31","YCUOK","NA","EPCWTI","WTI Crude Oil","PF4","Spot Price FOB","RWTC","Cushing, OK WTI Spot Price FOB (Dollars per Barrel)","70.36","$/BBL"
"2025-07-31","ZEU","NA","EPCBRENT","UK Brent Crude Oil","PF4","Spot Price FOB","RBRTE","Europe Brent Spot Price FOB (Dollars per Barrel)","73.43","$/BBL"
"2025-08-01","YCUOK","NA","EPCWTI","WTI Crude Oil","PF4","Spot Price FOB","RWTC","Cushing, OK WTI Spot Price FOB (Dollars per Barrel)","68.39","$/BBL"
"2025-08-01","ZEU","NA","EPCBRENT","UK Brent Crude Oil","PF4","Spot Price FOB","RBRTE","Europe Brent Spot Price FOB (Dollars per Barrel)","70.55","$/BBL"
"2025-08-04","YCUOK","NA","EPCWTI","WTI Crude Oil","PF4","Spot Price FOB","RWTC","Cushing, OK WTI Spot Price FOB (Dollars per Barrel)","67.33","$/BBL"
"2025-08-04","ZEU","NA","EPCBRENT","UK Brent Crude Oil","PF4","Spot Price FOB","RBRTE","Europe Brent Spot Price FOB (Dollars per Barrel)","69.56","$/BBL"
"2025-08-05","YCUOK","NA","EPCWTI","WTI Crude Oil","PF4","Spot Price FOB","RWTC","Cushing, OK WTI Spot Price FOB (Dollars per Barrel)","66.2","$/BBL"
"2025-08-05","ZEU","NA","EPCBRENT","UK Brent Crude Oil","PF4","Spot Price FOB","RBRTE","Europe Brent Spot Price FOB (Dollars per Barrel)","69.14","$/BBL"
"2025-08-06","YCUOK","NA","EPCWTI","WTI Crude Oil","PF4","Spot Price FOB","RWTC","Cushing, OK WTI Spot Price FOB (Dollars per Barrel)","65.38","$/BBL"
"2025-08-06","ZEU","NA","EPCBRENT","UK Brent Crude Oil","PF4","Spot Price FOB","RBRTE","Europe Brent Spot Price FOB (Dollars per Barrel)","67.97","$/BBL"
"2025-08-07","YCUOK","NA","EPCWTI","WTI Crude Oil","PF4","Spot Price FOB","RWTC","Cushing, OK WTI Spot Price FOB (Dollars per Barrel)","64.9","$/BBL"
"2025-08-07","ZEU","NA","EPCBRENT","UK Brent Crude Oil","PF4","Spot Price FOB","RBRTE","Europe Brent Spot Price FOB (Dollars per Barrel)","66.99","$/BBL"
"2025-08-08","YCUOK","NA","EPCWTI","WTI Crude Oil","PF4","Spot Price FOB","RWTC","Cushing, OK WTI Spot Price FOB (Dollars per Barrel)","64.94","$/BBL"
"2025-08-08","ZEU","NA","EPCBRENT","UK Brent Crude Oil","PF4","Spot Price FOB","RBRTE","Europe Brent Spot Price FOB (Dollars per Barrel)","67.17","$/BBL"
"2025-08-11","YCUOK","NA","EPCWTI","WTI Crude Oil","PF4","Spot Price FOB","RWTC","Cushing, OK WTI Spot Price FOB (Dollars per Barrel)","65.03","$/BBL"
"2025-08-11","ZEU","NA","EPCBRENT","UK Brent Crude Oil","PF4","Spot Price FOB","RBRTE","Europe Brent Spot Price FOB (Dollars per Barrel)","67.36","$/BBL"
"2025-08-12","YCUOK","NA","EPCWTI","WTI Crude Oil","PF4","Spot Price FOB","RWTC","Cushing, OK WTI Spot Price FOB (Dollars per Barrel)","64.22","$/BBL"
"2025-08-12","ZEU","NA","EPCBRENT","UK Brent Crude Oil","PF4","Spot Price FOB","RBRTE","Europe Brent Spot Price FOB (Dollars per Barrel)","66.8","$/BBL"
"2025-08-13","YCUOK","NA","EPCWTI","WTI Crude Oil","PF4","Spot Price FOB","RWTC","Cushing, OK WTI Spot Price FOB (Dollars per Barrel)","63.68","$/BBL"
"2025-08-13","ZEU","NA","EPCBRENT","UK Brent Crude Oil","PF4","Spot Price FOB","RBRTE","Europe Brent Spot Price FOB (Dollars per Barrel)","66.25","$/BBL"
"2025-08-14","YCUOK","NA","EPCWTI","WTI Crude Oil","PF4","Spot Price FOB","RWTC","Cushing, OK WTI Spot Price FOB (Dollars per Barrel)","64.99","$/BBL"
"2025-08-14","ZEU","NA","EPCBRENT","UK Brent Crude Oil","PF4","Spot Price FOB","RBRTE","Europe Brent Spot Price FOB (Dollars per Barrel)","68.12","$/BBL"
"2025-08-15","YCUOK","NA","EPCWTI","WTI Crude Oil","PF4","Spot Price FOB","RWTC","Cushing, OK WTI Spot Price FOB (Dollars per Barrel)","63.78","$/BBL"
"2025-08-15","ZEU","NA","EPCBRENT","UK Brent Crude Oil","PF4","Spot Price FOB","RBRTE","Europe Brent Spot Price FOB (Dollars per Barrel)","67.3","$/BBL"
"2025-08-18","YCUOK","NA","EPCWTI","WTI Crude Oil","PF4","Spot Price FOB","RWTC","Cushing, OK WTI Spot Price FOB (Dollars per Barrel)","64.51","$/BBL"
"2025-08-18","ZEU","NA","EPCBRENT","UK Brent Crude Oil","PF4","Spot Price FOB","RBRTE","Europe Brent Spot Price FOB (Dollars per Barrel)","68.18","$/BBL"
"2025-08-19","YCUOK","NA","EPCWTI","WTI Crude Oil","PF4","Spot Price FOB","RWTC","Cushing, OK WTI Spot Price FOB (Dollars per Barrel)","63.38","$/BBL"
"2025-08-19","ZEU","NA","EPCBRENT","UK Brent Crude Oil","PF4","Spot Price FOB","RBRTE","Europe Brent Spot Price FOB (Dollars per Barrel)","66.62","$/BBL"
"2025-08-20","YCUOK","NA","EPCWTI","WTI Crude Oil","PF4","Spot Price FOB","RWTC","Cushing, OK WTI Spot Price FOB (Dollars per Barrel)","64.19","$/BBL"
"2025-08-20","ZEU","NA","EPCBRENT","UK Brent Crude Oil","PF4","Spot Price FOB","RBRTE","Europe Brent Spot Price FOB (Dollars per Barrel)","67.61","$/BBL"
"2025-08-21","YCUOK","NA","EPCWTI","WTI Crude Oil","PF4","Spot Price FOB","RWTC","Cushing, OK WTI Spot Price FOB (Dollars per Barrel)","64.56","$/BBL"
"2025-08-21","ZEU","NA","EPCBRENT","UK Brent Crude Oil","PF4","Spot Price FOB","RBRTE","Europe Brent Spot Price FOB (Dollars per Barrel)","68.41","$/BBL"
"2025-08-22","YCUOK","NA","EPCWTI","WTI Crude Oil","PF4","Spot Price FOB","RWTC","Cushing, OK WTI Spot Price FOB (Dollars per Barrel)","64.08","$/BBL"
"2025-08-22","ZEU","NA","EPCBRENT","UK Brent Crude Oil","PF4","Spot Price FOB","RBRTE","Europe Brent Spot Price FOB (Dollars per Barrel)","68.29","$/BBL"
"2025-08-25","YCUOK","NA","EPCWTI","WTI Crude Oil","PF4","Spot Price FOB","RWTC","Cushing, OK WTI Spot Price FOB (Dollars per Barrel)","65.18","$/BBL"
"2025-08-26","YCUOK","NA","EPCWTI","WTI Crude Oil","PF4","Spot Price FOB","RWTC","Cushing, OK WTI Spot Price FOB (Dollars per Barrel)","63.6","$/BBL"
"2025-08-26","ZEU","NA","EPCBRENT","UK Brent Crude Oil","PF4","Spot Price FOB","RBRTE","Europe Brent Spot Price FOB (Dollars per Barrel)","66.89","$/BBL"
"2025-08-27","YCUOK","NA","EPCWTI","WTI Crude Oil","PF4","Spot Price FOB","RWTC","Cushing, OK WTI Spot Price FOB (Dollars per Barrel)","64.49","$/BBL"
"2025-08-27","ZEU","NA","EPCBRENT","UK Brent Crude Oil","PF4","Spot Price FOB","RBRTE","Europe Brent Spot Price FOB (Dollars per Barrel)","67.75","$/BBL"
"2025-08-28","YCUOK","NA","EPCWTI","WTI Crude Oil","PF4","Spot Price FOB","RWTC","Cushing, OK WTI Spot Price FOB (Dollars per Barrel)","64.96","$/BBL"
"2025-08-28","ZEU","NA","EPCBRENT","UK Brent Crude Oil","PF4","Spot Price FOB","RBRTE","Europe Brent Spot Price FOB (Dollars per Barrel)","68.61","$/BBL"
"2025-08-29","YCUOK","NA","EPCWTI","WTI Crude Oil","PF4","Spot Price FOB","RWTC","Cushing, OK WTI Spot Price FOB (Dollars per Barrel)","64.36","$/BBL"
"2025-08-29","ZEU","NA","EPCBRENT","UK Brent Crude Oil","PF4","Spot Price FOB","RBRTE","Europe Brent Spot Price FOB (Dollars per Barrel)","67.83","$/BBL"
"2025-09-01","ZEU","NA","EPCBRENT","UK Brent Crude Oil","PF4","Spot Price FOB","RBRTE","Europe Brent Spot Price FOB (Dollars per Barrel)","67.09","$/BBL"
"2025-09-02","YCUOK","NA","EPCWTI","WTI Crude Oil","PF4","Spot Price FOB","RWTC","Cushing, OK WTI Spot Price FOB (Dollars per Barrel)","65.95","$/BBL"
"2025-09-02","ZEU","NA","EPCBRENT","UK Brent Crude Oil","PF4","Spot Price FOB","RBRTE","Europe Brent Spot Price FOB (Dollars per Barrel)","68.09","$/BBL"
"2025-09-03","YCUOK","NA","EPCWTI","WTI Crude Oil","PF4","Spot Price FOB","RWTC","Cushing, OK WTI Spot Price FOB (Dollars per Barrel)","64.36","$/BBL"
"2025-09-03","ZEU","NA","EPCBRENT","UK Brent Crude Oil","PF4","Spot Price FOB","RBRTE","Europe Brent Spot Price FOB (Dollars per Barrel)","67.76","$/BBL"
"2025-09-04","YCUOK","NA","EPCWTI","WTI Crude Oil","PF4","Spot Price FOB","RWTC","Cushing, OK WTI Spot Price FOB (Dollars per Barrel)","63.81","$/BBL"
"2025-09-04","ZEU","NA","EPCBRENT","UK Brent Crude Oil","PF4","Spot Price FOB","RBRTE","Europe Brent Spot Price FOB (Dollars per Barrel)","66.41","$/BBL"
"2025-09-05","YCUOK","NA","EPCWTI","WTI Crude Oil","PF4","Spot Price FOB","RWTC","Cushing, OK WTI Spot Price FOB (Dollars per Barrel)","62.22","$/BBL"
"2025-09-05","ZEU","NA","EPCBRENT","UK Brent Crude Oil","PF4","Spot Price FOB","RBRTE","Europe Brent Spot Price FOB (Dollars per Barrel)","64.92","$/BBL"
"2025-09-08","YCUOK","NA","EPCWTI","WTI Crude Oil","PF4","Spot Price FOB","RWTC","Cushing, OK WTI Spot Price FOB (Dollars per Barrel)","62.6","$/BBL"
"2025-09-08","ZEU","NA","EPCBRENT","UK Brent Crude Oil","PF4","Spot Price FOB","RBRTE","Europe Brent Spot Price FOB (Dollars per Barrel)","65.44","$/BBL"
"2025-09-09","YCUOK","NA","EPCWTI","WTI Crude Oil","PF4","Spot Price FOB","RWTC","Cushing, OK WTI Spot Price FOB (Dollars per Barrel)","62.97","$/BBL"
"2025-09-09","ZEU","NA","EPCBRENT","UK Brent Crude Oil","PF4","Spot Price FOB","RBRTE","Europe Brent Spot Price FOB (Dollars per Barrel)","67.97","$/BBL"
"2025-09-10","YCUOK","NA","EPCWTI","WTI Crude Oil","PF4","Spot Price FOB","RWTC","Cushing, OK WTI Spot Price FOB (Dollars per Barrel)","64.01","$/BBL"
"2025-09-10","ZEU","NA","EPCBRENT","UK Brent Crude Oil","PF4","Spot Price FOB","RBRTE","Europe Brent Spot Price FOB (Dollars per Barrel)","67.62","$/BBL"
"2025-09-11","YCUOK","NA","EPCWTI","WTI Crude Oil","PF4","Spot Price FOB","RWTC","Cushing, OK WTI Spot Price FOB (Dollars per Barrel)","62.71","$/BBL"
"2025-09-11","ZEU","NA","EPCBRENT","UK Brent Crude Oil","PF4","Spot Price FOB","RBRTE","Europe Brent Spot Price FOB (Dollars per Barrel)","67.25","$/BBL"
"2025-09-12","YCUOK","NA","EPCWTI","WTI Crude Oil","PF4","Spot Price FOB","RWTC","Cushing, OK WTI Spot Price FOB (Dollars per Barrel)","63.02","$/BBL"
"2025-09-12","ZEU","NA","EPCBRENT","UK Brent Crude Oil","PF4","Spot Price FOB","RBRTE","Europe Brent Spot Price FOB (Dollars per Barrel)","67.87","$/BBL"
"2025-09-15","YCUOK","NA","EPCWTI","WTI Crude Oil","PF4","Spot Price FOB","RWTC","Cushing, OK WTI Spot Price FOB (Dollars per Barrel)","63.66","$/BBL"
"2025-09-15","ZEU","NA","EPCBRENT","UK Brent Crude Oil","PF4","Spot Price FOB","RBRTE","Europe Brent Spot Price FOB (Dollars per Barrel)","67.88","$/BBL"
"2025-09-16","YCUOK","NA","EPCWTI","WTI Crude Oil","PF4","Spot Price FOB","RWTC","Cushing, OK WTI Spot Price FOB (Dollars per Barrel)","64.89","$/BBL"
"2025-09-16","ZEU","NA","EPCBRENT","UK Brent Crude Oil","PF4","Spot Price FOB","RBRTE","Europe Brent Spot Price FOB (Dollars per Barrel)","69.69","$/BBL"
"2025-09-17","YCUOK","NA","EPCWTI","WTI Crude Oil","PF4","Spot Price FOB","RWTC","Cushing, OK WTI Spot Price FOB (Dollars per Barrel)","64.41","$/BBL"
"2025-09-17","ZEU","NA","EPCBRENT","UK Brent Crude Oil","PF4","Spot Price FOB","RBRTE","Europe Brent Spot Price FOB (Dollars per Barrel)","69.19","$/BBL"
"2025-09-18","YCUOK","NA","EPCWTI","WTI Crude Oil","PF4","Spot Price FOB","RWTC","Cushing, OK WTI Spot Price FOB (Dollars per Barrel)","63.91","$/BBL"
"2025-09-18","ZEU","NA","EPCBRENT","UK Brent Crude Oil","PF4","Spot Price FOB","RBRTE","Europe Brent Spot Price FOB (Dollars per Barrel)","67.83","$/BBL"
"2025-09-19","YCUOK","NA","EPCWTI","WTI Crude Oil","PF4","Spot Price FOB","RWTC","Cushing, OK WTI Spot Price FOB (Dollars per Barrel)","63.02","$/BBL"
"2025-09-19","ZEU","NA","EPCBRENT","UK Brent Crude Oil","PF4","Spot Price FOB","RBRTE","Europe Brent Spot Price FOB (Dollars per Barrel)","67.05","$/BBL"
"2025-09-22","YCUOK","NA","EPCWTI","WTI Crude Oil","PF4","Spot Price FOB","RWTC","Cushing, OK WTI Spot Price FOB (Dollars per Barrel)","62.99","$/BBL"
"2025-09-22","ZEU","NA","EPCBRENT","UK Brent Crude Oil","PF4","Spot Price FOB","RBRTE","Europe Brent Spot Price FOB (Dollars per Barrel)","66.87","$/BBL"
"2025-09-23","YCUOK","NA","EPCWTI","WTI Crude Oil","PF4","Spot Price FOB","RWTC","Cushing, OK WTI Spot Price FOB (Dollars per Barrel)","63.76","$/BBL"
"2025-09-23","ZEU","NA","EPCBRENT","UK Brent Crude Oil","PF4","Spot Price FOB","RBRTE","Europe Brent Spot Price FOB (Dollars per Barrel)","67.96","$/BBL"
"2025-09-24","YCUOK","NA","EPCWTI","WTI Crude Oil","PF4","Spot Price FOB","RWTC","Cushing, OK WTI Spot Price FOB (Dollars per Barrel)","65.4","$/BBL"
"2025-09-24","ZEU","NA","EPCBRENT","UK Brent Crude Oil","PF4","Spot Price FOB","RBRTE","Europe Brent Spot Price FOB (Dollars per Barrel)","69.64","$/BBL"
"2025-09-25","YCUOK","NA","EPCWTI","WTI Crude Oil","PF4","Spot Price FOB","RWTC","Cushing, OK WTI Spot Price FOB (Dollars per Barrel)","65.51","$/BBL"
"2025-09-25","ZEU","NA","EPCBRENT","UK Brent Crude Oil","PF4","Spot Price FOB","RBRTE","Europe Brent Spot Price FOB (Dollars per Barrel)","70.48","$/BBL"
"2025-09-26","YCUOK","NA","EPCWTI","WTI Crude Oil","PF4","Spot Price FOB","RWTC","Cushing, OK WTI Spot Price FOB (Dollars per Barrel)","66.5","$/BBL"
"2025-09-26","ZEU","NA","EPCBRENT","UK Brent Crude Oil","PF4","Spot Price FOB","RBRTE","Europe Brent Spot Price FOB (Dollars per Barrel)","71.15","$/BBL"
"2025-09-29","YCUOK","NA","EPCWTI","WTI Crude Oil","PF4","Spot Price FOB","RWTC","Cushing, OK WTI Spot Price FOB (Dollars per Barrel)","64.27","$/BBL"
"2025-09-29","ZEU","NA","EPCBRENT","UK Brent Crude Oil","PF4","Spot Price FOB","RBRTE","Europe Brent Spot Price FOB (Dollars per Barrel)","69","$/BBL"
"2025-09-30","YCUOK","NA","EPCWTI","WTI Crude Oil","PF4","Spot Price FOB","RWTC","Cushing, OK WTI Spot Price FOB (Dollars per Barrel)","63.17","$/BBL"
"2025-09-30","ZEU","NA","EPCBRENT","UK Brent Crude Oil","PF4","Spot Price FOB","RBRTE","Europe Brent Spot Price FOB (Dollars per Barrel)","68.52","$/BBL"
"2025-10-01","YCUOK","NA","EPCWTI","WTI Crude Oil","PF4","Spot Price FOB","RWTC","Cushing, OK WTI Spot Price FOB (Dollars per Barrel)","62.59","$/BBL"
"2025-10-01","ZEU","NA","EPCBRENT","UK Brent Crude Oil","PF4","Spot Price FOB","RBRTE","Europe Brent Spot Price FOB (Dollars per Barrel)","66.67","$/BBL"
"2025-10-02","YCUOK","NA","EPCWTI","WTI Crude Oil","PF4","Spot Price FOB","RWTC","Cushing, OK WTI Spot Price FOB (Dollars per Barrel)","61.28","$/BBL"
"2025-10-02","ZEU","NA","EPCBRENT","UK Brent Crude Oil","PF4","Spot Price FOB","RBRTE","Europe Brent Spot Price FOB (Dollars per Barrel)","65.44","$/BBL"
"2025-10-03","YCUOK","NA","EPCWTI","WTI Crude Oil","PF4","Spot Price FOB","RWTC","Cushing, OK WTI Spot Price FOB (Dollars per Barrel)","61.65","$/BBL"
"2025-10-03","ZEU","NA","EPCBRENT","UK Brent Crude Oil","PF4","Spot Price FOB","RBRTE","Europe Brent Spot Price FOB (Dollars per Barrel)","66.13","$/BBL"
"2025-10-06","YCUOK","NA","EPCWTI","WTI Crude Oil","PF4","Spot Price FOB","RWTC","Cushing, OK WTI Spot Price FOB (Dollars per Barrel)","62.49","$/BBL"
"2025-10-06","ZEU","NA","EPCBRENT","UK Brent Crude Oil","PF4","Spot Price FOB","RBRTE","Europe Brent Spot Price FOB (Dollars per Barrel)","67.09","$/BBL"
"2025-10-07","YCUOK","NA","EPCWTI","WTI Crude Oil","PF4","Spot Price FOB","RWTC","Cushing, OK WTI Spot Price FOB (Dollars per Barrel)","62.52","$/BBL"
"2025-10-07","ZEU","NA","EPCBRENT","UK Brent Crude Oil","PF4","Spot Price FOB","RBRTE","Europe Brent Spot Price FOB (Dollars per Barrel)","67.1","$/BBL"
"2025-10-08","YCUOK","NA","EPCWTI","WTI Crude Oil","PF4","Spot Price FOB","RWTC","Cushing, OK WTI Spot Price FOB (Dollars per Barrel)","63.37","$/BBL"
"2025-10-08","ZEU","NA","EPCBRENT","UK Brent Crude Oil","PF4","Spot Price FOB","RBRTE","Europe Brent Spot Price FOB (Dollars per Barrel)","67.42","$/BBL"
"2025-10-09","YCUOK","NA","EPCWTI","WTI Crude Oil","PF4","Spot Price FOB","RWTC","Cushing, OK WTI Spot Price FOB (Dollars per Barrel)","62.36","$/BBL"
"2025-10-09","ZEU","NA","EPCBRENT","UK Brent Crude Oil","PF4","Spot Price FOB","RBRTE","Europe Brent Spot Price FOB (Dollars per Barrel)","67.23","$/BBL"
"2025-10-10","YCUOK","NA","EPCWTI","WTI Crude Oil","PF4","Spot Price FOB","RWTC","Cushing, OK WTI Spot Price FOB (Dollars per Barrel)","59.75","$/BBL"
"2025-10-10","ZEU","NA","EPCBRENT","UK Brent Crude Oil","PF4","Spot Price FOB","RBRTE","Europe Brent Spot Price FOB (Dollars per Barrel)","64.41","$/BBL"
"2025-10-13","ZEU","NA","EPCBRENT","UK Brent Crude Oil","PF4","Spot Price FOB","RBRTE","Europe Brent Spot Price FOB (Dollars per Barrel)","64.15","$/BBL"
"2025-10-14","YCUOK","NA","EPCWTI","WTI Crude Oil","PF4","Spot Price FOB","RWTC","Cushing, OK WTI Spot Price FOB (Dollars per Barrel)","59.52","$/BBL"
"2025-10-14","ZEU","NA","EPCBRENT","UK Brent Crude Oil","PF4","Spot Price FOB","RBRTE","Europe Brent Spot Price FOB (Dollars per Barrel)","63","$/BBL"
"2025-10-15","YCUOK","NA","EPCWTI","WTI Crude Oil","PF4","Spot Price FOB","RWTC","Cushing, OK WTI Spot Price FOB (Dollars per Barrel)","59.08","$/BBL"
"2025-10-15","ZEU","NA","EPCBRENT","UK Brent Crude Oil","PF4","Spot Price FOB","RBRTE","Europe Brent Spot Price FOB (Dollars per Barrel)","62.33","$/BBL"
"2025-10-16","YCUOK","NA","EPCWTI","WTI Crude Oil","PF4","Spot Price FOB","RWTC","Cushing, OK WTI Spot Price FOB (Dollars per Barrel)","58.29","$/BBL"
"2025-10-16","ZEU","NA","EPCBRENT","UK Brent Crude Oil","PF4","Spot Price FOB","RBRTE","Europe Brent Spot Price FOB (Dollars per Barrel)","61.08","$/BBL"
"2025-10-17","YCUOK","NA","EPCWTI","WTI Crude Oil","PF4","Spot Price FOB","RWTC","Cushing, OK WTI Spot Price FOB (Dollars per Barrel)","58.3","$/BBL"
"2025-10-17","ZEU","NA","EPCBRENT","UK Brent Crude Oil","PF4","Spot Price FOB","RBRTE","Europe Brent Spot Price FOB (Dollars per Barrel)","61.23","$/BBL"
"2025-10-20","YCUOK","NA","EPCWTI","WTI Crude Oil","PF4","Spot Price FOB","RWTC","Cushing, OK WTI Spot Price FOB (Dollars per Barrel)","58.34","$/BBL"
"2025-10-20","ZEU","NA","EPCBRENT","UK Brent Crude Oil","PF4","Spot Price FOB","RBRTE","Europe Brent Spot Price FOB (Dollars per Barrel)","60.71","$/BBL"
"2025-10-21","YCUOK","NA","EPCWTI","WTI Crude Oil","PF4","Spot Price FOB","RWTC","Cushing, OK WTI Spot Price FOB (Dollars per Barrel)","58.66","$/BBL"
"2025-10-21","ZEU","NA","EPCBRENT","UK Brent Crude Oil","PF4","Spot Price FOB","RBRTE","Europe Brent Spot Price FOB (Dollars per Barrel)","61","$/BBL"
"2025-10-22","YCUOK","NA","EPCWTI","WTI Crude Oil","PF4","Spot Price FOB","RWTC","Cushing, OK WTI Spot Price FOB (Dollars per Barrel)","59.3","$/BBL"
"2025-10-22","ZEU","NA","EPCBRENT","UK Brent Crude Oil","PF4","Spot Price FOB","RBRTE","Europe Brent Spot Price FOB (Dollars per Barrel)","62.28","$/BBL"
"2025-10-23","YCUOK","NA","EPCWTI","WTI Crude Oil","PF4","Spot Price FOB","RWTC","Cushing, OK WTI Spot Price FOB (Dollars per Barrel)","62.44","$/BBL"
"2025-10-23","ZEU","NA","EPCBRENT","UK Brent Crude Oil","PF4","Spot Price FOB","RBRTE","Europe Brent Spot Price FOB (Dollars per Barrel)","66.32","$/BBL"
"2025-10-24","YCUOK","NA","EPCWTI","WTI Crude Oil","PF4","Spot Price FOB","RWTC","Cushing, OK WTI Spot Price FOB (Dollars per Barrel)","62.27","$/BBL"
"2025-10-24","ZEU","NA","EPCBRENT","UK Brent Crude Oil","PF4","Spot Price FOB","RBRTE","Europe Brent Spot Price FOB (Dollars per Barrel)","65.8","$/BBL"
"2025-10-27","YCUOK","NA","EPCWTI","WTI Crude Oil","PF4","Spot Price FOB","RWTC","Cushing, OK WTI Spot Price FOB (Dollars per Barrel)","62.13","$/BBL"
"2025-10-27","ZEU","NA","EPCBRENT","UK Brent Crude Oil","PF4","Spot Price FOB","RBRTE","Europe Brent Spot Price FOB (Dollars per Barrel)","65.52","$/BBL"
"2025-10-28","YCUOK","NA","EPCWTI","WTI Crude Oil","PF4","Spot Price FOB","RWTC","Cushing, OK WTI Spot Price FOB (Dollars per Barrel)","60.97","$/BBL"
"2025-10-28","ZEU","NA","EPCBRENT","UK Brent Crude Oil","PF4","Spot Price FOB","RBRTE","Europe Brent Spot Price FOB (Dollars per Barrel)","64.03","$/BBL"
"2025-10-29","YCUOK","NA","EPCWTI","WTI Crude Oil","PF4","Spot Price FOB","RWTC","Cushing, OK WTI Spot Price FOB (Dollars per Barrel)","61.26","$/BBL"
"2025-10-29","ZEU","NA","EPCBRENT","UK Brent Crude Oil","PF4","Spot Price FOB","RBRTE","Europe Brent Spot Price FOB (Dollars per Barrel)","65.01","$/BBL"
"2025-10-30","YCUOK","NA","EPCWTI","WTI Crude Oil","PF4","Spot Price FOB","RWTC","Cushing, OK WTI Spot Price FOB (Dollars per Barrel)","61.36","$/BBL"
"2025-10-30","ZEU","NA","EPCBRENT","UK Brent Crude Oil","PF4","Spot Price FOB","RBRTE","Europe Brent Spot Price FOB (Dollars per Barrel)","65.11","$/BBL"
"2025-10-31","YCUOK","NA","EPCWTI","WTI Crude Oil","PF4","Spot Price FOB","RWTC","Cushing, OK WTI Spot Price FOB (Dollars per Barrel)","61.75","$/BBL"
"2025-10-31","ZEU","NA","EPCBRENT","UK Brent Crude Oil","PF4","Spot Price FOB","RBRTE","Europe Brent Spot Price FOB (Dollars per Barrel)","65.44","$/BBL"
"2025-11-03","YCUOK","NA","EPCWTI","WTI Crude Oil","PF4","Spot Price FOB","RWTC","Cushing, OK WTI Spot Price FOB (Dollars per Barrel)","61.79","$/BBL"
"2025-11-03","ZEU","NA","EPCBRENT","UK Brent Crude Oil","PF4","Spot Price FOB","RBRTE","Europe Brent Spot Price FOB (Dollars per Barrel)","65.79","$/BBL"
"2025-11-04","YCUOK","NA","EPCWTI","WTI Crude Oil","PF4","Spot Price FOB","RWTC","Cushing, OK WTI Spot Price FOB (Dollars per Barrel)","61.38","$/BBL"
"2025-11-04","ZEU","NA","EPCBRENT","UK Brent Crude Oil","PF4","Spot Price FOB","RBRTE","Europe Brent Spot Price FOB (Dollars per Barrel)","65.04","$/BBL"
"2025-11-05","YCUOK","NA","EPCWTI","WTI Crude Oil","PF4","Spot Price FOB","RWTC","Cushing, OK WTI Spot Price FOB (Dollars per Barrel)","60.4","$/BBL"
"2025-11-05","ZEU","NA","EPCBRENT","UK Brent Crude Oil","PF4","Spot Price FOB","RBRTE","Europe Brent Spot Price FOB (Dollars per Barrel)","63.54","$/BBL"
"2025-11-06","YCUOK","NA","EPCWTI","WTI Crude Oil","PF4","Spot Price FOB","RWTC","Cushing, OK WTI Spot Price FOB (Dollars per Barrel)","60.24","$/BBL"
"2025-11-06","ZEU","NA","EPCBRENT","UK Brent Crude Oil","PF4","Spot Price FOB","RBRTE","Europe Brent Spot Price FOB (Dollars per Barrel)","63.41","$/BBL"
"2025-11-07","YCUOK","NA","EPCWTI","WTI Crude Oil","PF4","Spot Price FOB","RWTC","Cushing, OK WTI Spot Price FOB (Dollars per Barrel)","60.54","$/BBL"
"2025-11-07","ZEU","NA","EPCBRENT","UK Brent Crude Oil","PF4","Spot Price FOB","RBRTE","Europe Brent Spot Price FOB (Dollars per Barrel)","63.72","$/BBL"
"2025-11-10","YCUOK","NA","EPCWTI","WTI Crude Oil","PF4","Spot Price FOB","RWTC","Cushing, OK WTI Spot Price FOB (Dollars per Barrel)","60.94","$/BBL"
"2025-11-10","ZEU","NA","EPCBRENT","UK Brent Crude Oil","PF4","Spot Price FOB","RBRTE","Europe Brent Spot Price FOB (Dollars per Barrel)","63.01","$/BBL"
"2025-11-11","ZEU","NA","EPCBRENT","UK Brent Crude Oil","PF4","Spot Price FOB","RBRTE","Europe Brent Spot Price FOB (Dollars per Barrel)","63.86","$/BBL"
"2025-11-12","YCUOK","NA","EPCWTI","WTI Crude Oil","PF4","Spot Price FOB","RWTC","Cushing, OK WTI Spot Price FOB (Dollars per Barrel)","59.3","$/BBL"
"2025-11-12","ZEU","NA","EPCBRENT","UK Brent Crude Oil","PF4","Spot Price FOB","RBRTE","Europe Brent Spot Price FOB (Dollars per Barrel)","61.88","$/BBL"
"2025-11-13","YCUOK","NA","EPCWTI","WTI Crude Oil","PF4","Spot Price FOB","RWTC","Cushing, OK WTI Spot Price FOB (Dollars per Barrel)","59.54","$/BBL"
"2025-11-13","ZEU","NA","EPCBRENT","UK Brent Crude Oil","PF4","Spot Price FOB","RBRTE","Europe Brent Spot Price FOB (Dollars per Barrel)","62.14","$/BBL"
"2025-11-14","YCUOK","NA","EPCWTI","WTI Crude Oil","PF4","Spot Price FOB","RWTC","Cushing, OK WTI Spot Price FOB (Dollars per Barrel)","60.87","$/BBL"
"2025-11-14","ZEU","NA","EPCBRENT","UK Brent Crude Oil","PF4","Spot Price FOB","RBRTE","Europe Brent Spot Price FOB (Dollars per Barrel)","63.45","$/BBL"
"2025-11-17","YCUOK","NA","EPCWTI","WTI Crude Oil","PF4","Spot Price FOB","RWTC","Cushing, OK WTI Spot Price FOB (Dollars per Barrel)","60.66","$/BBL"
"2025-11-17","ZEU","NA","EPCBRENT","UK Brent Crude Oil","PF4","Spot Price FOB","RBRTE","Europe Brent Spot Price FOB (Dollars per Barrel)","63.16","$/BBL"
"2025-11-18","YCUOK","NA","EPCWTI","WTI Crude Oil","PF4","Spot Price FOB","RWTC","Cushing, OK WTI Spot Price FOB (Dollars per Barrel)","61.51","$/BBL"
"2025-11-18","ZEU","NA","EPCBRENT","UK Brent Crude Oil","PF4","Spot Price FOB","RBRTE","Europe Brent Spot Price FOB (Dollars per Barrel)","64.86","$/BBL"
"2025-11-19","YCUOK","NA","EPCWTI","WTI Crude Oil","PF4","Spot Price FOB","RWTC","Cushing, OK WTI Spot Price FOB (Dollars per Barrel)","60.27","$/BBL"
"2025-11-19","ZEU","NA","EPCBRENT","UK Brent Crude Oil","PF4","Spot Price FOB","RBRTE","Europe Brent Spot Price FOB (Dollars per Barrel)","63.78","$/BBL"
"2025-11-20","YCUOK","NA","EPCWTI","WTI Crude Oil","PF4","Spot Price FOB","RWTC","Cushing, OK WTI Spot Price FOB (Dollars per Barrel)","60.07","$/BBL"
"2025-11-20","ZEU","NA","EPCBRENT","UK Brent Crude Oil","PF4","Spot Price FOB","RBRTE","Europe Brent Spot Price FOB (Dollars per Barrel)","63.64","$/BBL"
"2025-11-21","YCUOK","NA","EPCWTI","WTI Crude Oil","PF4","Spot Price FOB","RWTC","Cushing, OK WTI Spot Price FOB (Dollars per Barrel)","58.86","$/BBL"
"2025-11-21","ZEU","NA","EPCBRENT","UK Brent Crude Oil","PF4","Spot Price FOB","RBRTE","Europe Brent Spot Price FOB (Dollars per Barrel)","62.78","$/BBL"
"2025-11-24","YCUOK","NA","EPCWTI","WTI Crude Oil","PF4","Spot Price FOB","RWTC","Cushing, OK WTI Spot Price FOB (Dollars per Barrel)","59.11","$/BBL"
"2025-11-24","ZEU","NA","EPCBRENT","UK Brent Crude Oil","PF4","Spot Price FOB","RBRTE","Europe Brent Spot Price FOB (Dollars per Barrel)","64.83","$/BBL"
"2025-11-25","YCUOK","NA","EPCWTI","WTI Crude Oil","PF4","Spot Price FOB","RWTC","Cushing, OK WTI Spot Price FOB (Dollars per Barrel)","58.25","$/BBL"
"2025-11-25","ZEU","NA","EPCBRENT","UK Brent Crude Oil","PF4","Spot Price FOB","RBRTE","Europe Brent Spot Price FOB (Dollars per Barrel)","63.99","$/BBL"
"2025-11-26","YCUOK","NA","EPCWTI","WTI Crude Oil","PF4","Spot Price FOB","RWTC","Cushing, OK WTI Spot Price FOB (Dollars per Barrel)","58.81","$/BBL"
"2025-11-26","ZEU","NA","EPCBRENT","UK Brent Crude Oil","PF4","Spot Price FOB","RBRTE","Europe Brent Spot Price FOB (Dollars per Barrel)","64.81","$/BBL"
"2025-11-27","ZEU","NA","EPCBRENT","UK Brent Crude Oil","PF4","Spot Price FOB","RBRTE","Europe Brent Spot Price FOB (Dollars per Barrel)","64.18","$/BBL"
"2025-11-28","YCUOK","NA","EPCWTI","WTI Crude Oil","PF4","Spot Price FOB","RWTC","Cushing, OK WTI Spot Price FOB (Dollars per Barrel)","58.58","$/BBL"
"2025-11-28","ZEU","NA","EPCBRENT","UK Brent Crude Oil","PF4","Spot Price FOB","RBRTE","Europe Brent Spot Price FOB (Dollars per Barrel)","64.07","$/BBL"
"2025-12-01","YCUOK","NA","EPCWTI","WTI Crude Oil","PF4","Spot Price FOB","RWTC","Cushing, OK WTI Spot Price FOB (Dollars per Barrel)","59.47","$/BBL"
"2025-12-01","ZEU","NA","EPCBRENT","UK Brent Crude Oil","PF4","Spot Price FOB","RBRTE","Europe Brent Spot Price FOB (Dollars per Barrel)","64.22","$/BBL"
"2025-12-02","YCUOK","NA","EPCWTI","WTI Crude Oil","PF4","Spot Price FOB","RWTC","Cushing, OK WTI Spot Price FOB (Dollars per Barrel)","58.81","$/BBL"
"2025-12-02","ZEU","NA","EPCBRENT","UK Brent Crude Oil","PF4","Spot Price FOB","RBRTE","Europe Brent Spot Price FOB (Dollars per Barrel)","63.37","$/BBL"
"2025-12-03","YCUOK","NA","EPCWTI","WTI Crude Oil","PF4","Spot Price FOB","RWTC","Cushing, OK WTI Spot Price FOB (Dollars per Barrel)","59.09","$/BBL"
"2025-12-03","ZEU","NA","EPCBRENT","UK Brent Crude Oil","PF4","Spot Price FOB","RBRTE","Europe Brent Spot Price FOB (Dollars per Barrel)","63.75","$/BBL"
"2025-12-04","YCUOK","NA","EPCWTI","WTI Crude Oil","PF4","Spot Price FOB","RWTC","Cushing, OK WTI Spot Price FOB (Dollars per Barrel)","59.82","$/BBL"
"2025-12-04","ZEU","NA","EPCBRENT","UK Brent Crude Oil","PF4","Spot Price FOB","RBRTE","Europe Brent Spot Price FOB (Dollars per Barrel)","64.15","$/BBL"
"2025-12-05","YCUOK","NA","EPCWTI","WTI Crude Oil","PF4","Spot Price FOB","RWTC","Cushing, OK WTI Spot Price FOB (Dollars per Barrel)","60.23","$/BBL"
"2025-12-05","ZEU","NA","EPCBRENT","UK Brent Crude Oil","PF4","Spot Price FOB","RBRTE","Europe Brent Spot Price FOB (Dollars per Barrel)","64.42","$/BBL"
"2025-12-08","YCUOK","NA","EPCWTI","WTI Crude Oil","PF4","Spot Price FOB","RWTC","Cushing, OK WTI Spot Price FOB (Dollars per Barrel)","59.04","$/BBL"
"2025-12-08","ZEU","NA","EPCBRENT","UK Brent Crude Oil","PF4","Spot Price FOB","RBRTE","Europe Brent Spot Price FOB (Dollars per Barrel)","63.3","$/BBL"
"2025-12-09","YCUOK","NA","EPCWTI","WTI Crude Oil","PF4","Spot Price FOB","RWTC","Cushing, OK WTI Spot Price FOB (Dollars per Barrel)","58.4","$/BBL"
"2025-12-09","ZEU","NA","EPCBRENT","UK Brent Crude Oil","PF4","Spot Price FOB","RBRTE","Europe Brent Spot Price FOB (Dollars per Barrel)","62.62","$/BBL"
"2025-12-10","YCUOK","NA","EPCWTI","WTI Crude Oil","PF4","Spot Price FOB","RWTC","Cushing, OK WTI Spot Price FOB (Dollars per Barrel)","58.67","$/BBL"
"2025-12-10","ZEU","NA","EPCBRENT","UK Brent Crude Oil","PF4","Spot Price FOB","RBRTE","Europe Brent Spot Price FOB (Dollars per Barrel)","63.12","$/BBL"
"2025-12-11","YCUOK","NA","EPCWTI","WTI Crude Oil","PF4","Spot Price FOB","RWTC","Cushing, OK WTI Spot Price FOB (Dollars per Barrel)","57.76","$/BBL"
"2025-12-11","ZEU","NA","EPCBRENT","UK Brent Crude Oil","PF4","Spot Price FOB","RBRTE","Europe Brent Spot Price FOB (Dollars per Barrel)","61.87","$/BBL"
"2025-12-12","YCUOK","NA","EPCWTI","WTI Crude Oil","PF4","Spot Price FOB","RWTC","Cushing, OK WTI Spot Price FOB (Dollars per Barrel)","57.61","$/BBL"
"2025-12-12","ZEU","NA","EPCBRENT","UK Brent Crude Oil","PF4","Spot Price FOB","RBRTE","Europe Brent Spot Price FOB (Dollars per Barrel)","62.11","$/BBL"
"2025-12-15","YCUOK","NA","EPCWTI","WTI Crude Oil","PF4","Spot Price FOB","RWTC","Cushing, OK WTI Spot Price FOB (Dollars per Barrel)","56.97","$/BBL"
"2025-12-15","ZEU","NA","EPCBRENT","UK Brent Crude Oil","PF4","Spot Price FOB","RBRTE","Europe Brent Spot Price FOB (Dollars per Barrel)","61.55","$/BBL"
"2025-12-16","YCUOK","NA","EPCWTI","WTI Crude Oil","PF4","Spot Price FOB","RWTC","Cushing, OK WTI Spot Price FOB (Dollars per Barrel)","55.44","$/BBL"
"2025-12-16","ZEU","NA","EPCBRENT","UK Brent Crude Oil","PF4","Spot Price FOB","RBRTE","Europe Brent Spot Price FOB (Dollars per Barrel)","59.93","$/BBL"
"2025-12-17","YCUOK","NA","EPCWTI","WTI Crude Oil","PF4","Spot Price FOB","RWTC","Cushing, OK WTI Spot Price FOB (Dollars per Barrel)","56.07","$/BBL"
"2025-12-17","ZEU","NA","EPCBRENT","UK Brent Crude Oil","PF4","Spot Price FOB","RBRTE","Europe Brent Spot Price FOB (Dollars per Barrel)","60.61","$/BBL"
"2025-12-18","YCUOK","NA","EPCWTI","WTI Crude Oil","PF4","Spot Price FOB","RWTC","Cushing, OK WTI Spot Price FOB (Dollars per Barrel)","56.22","$/BBL"
"2025-12-18","ZEU","NA","EPCBRENT","UK Brent Crude Oil","PF4","Spot Price FOB","RBRTE","Europe Brent Spot Price FOB (Dollars per Barrel)","60.69","$/BBL"
"2025-12-19","YCUOK","NA","EPCWTI","WTI Crude Oil","PF4","Spot Price FOB","RWTC","Cushing, OK WTI Spot Price FOB (Dollars per Barrel)","56.8","$/BBL"
"2025-12-19","ZEU","NA","EPCBRENT","UK Brent Crude Oil","PF4","Spot Price FOB","RBRTE","Europe Brent Spot Price FOB (Dollars per Barrel)","61.35","$/BBL"
"2025-12-22","YCUOK","NA","EPCWTI","WTI Crude Oil","PF4","Spot Price FOB","RWTC","Cushing, OK WTI Spot Price FOB (Dollars per Barrel)","58.18","$/BBL"
"2025-12-22","ZEU","NA","EPCBRENT","UK Brent Crude Oil","PF4","Spot Price FOB","RBRTE","Europe Brent Spot Price FOB (Dollars per Barrel)","62.22","$/BBL"
"2025-12-23","YCUOK","NA","EPCWTI","WTI Crude Oil","PF4","Spot Price FOB","RWTC","Cushing, OK WTI Spot Price FOB (Dollars per Barrel)","58.55","$/BBL"
"2025-12-23","ZEU","NA","EPCBRENT","UK Brent Crude Oil","PF4","Spot Price FOB","RBRTE","Europe Brent Spot Price FOB (Dollars per Barrel)","63.7","$/BBL"
"2025-12-24","YCUOK","NA","EPCWTI","WTI Crude Oil","PF4","Spot Price FOB","RWTC","Cushing, OK WTI Spot Price FOB (Dollars per Barrel)","58.72","$/BBL"
"2025-12-24","ZEU","NA","EPCBRENT","UK Brent Crude Oil","PF4","Spot Price FOB","RBRTE","Europe Brent Spot Price FOB (Dollars per Barrel)","63.7","$/BBL"
"2025-12-26","YCUOK","NA","EPCWTI","WTI Crude Oil","PF4","Spot Price FOB","RWTC","Cushing, OK WTI Spot Price FOB (Dollars per Barrel)","56.6","$/BBL"
"2025-12-29","YCUOK","NA","EPCWTI","WTI Crude Oil","PF4","Spot Price FOB","RWTC","Cushing, OK WTI Spot Price FOB (Dollars per Barrel)","57.89","$/BBL"
"2025-12-29","ZEU","NA","EPCBRENT","UK Brent Crude Oil","PF4","Spot Price FOB","RBRTE","Europe Brent Spot Price FOB (Dollars per Barrel)","63.1","$/BBL"
"2025-12-30","YCUOK","NA","EPCWTI","WTI Crude Oil","PF4","Spot Price FOB","RWTC","Cushing, OK WTI Spot Price FOB (Dollars per Barrel)","57.79","$/BBL"
"2025-12-30","ZEU","NA","EPCBRENT","UK Brent Crude Oil","PF4","Spot Price FOB","RBRTE","Europe Brent Spot Price FOB (Dollars per Barrel)","62.3","$/BBL"
"2025-12-31","YCUOK","NA","EPCWTI","WTI Crude Oil","PF4","Spot Price FOB","RWTC","Cushing, OK WTI Spot Price FOB (Dollars per Barrel)","57.26","$/BBL"
"2025-12-31","ZEU","NA","EPCBRENT","UK Brent Crude Oil","PF4","Spot Price FOB","RBRTE","Europe Brent Spot Price FOB (Dollars per Barrel)","61.35","$/BBL"
"2026-01-02","YCUOK","NA","EPCWTI","WTI Crude Oil","PF4","Spot Price FOB","RWTC","Cushing, OK WTI Spot Price FOB (Dollars per Barrel)","57.21","$/BBL"
"2026-01-02","ZEU","NA","EPCBRENT","UK Brent Crude Oil","PF4","Spot Price FOB","RBRTE","Europe Brent Spot Price FOB (Dollars per Barrel)","61.98","$/BBL"
"2026-01-05","YCUOK","NA","EPCWTI","WTI Crude Oil","PF4","Spot Price FOB","RWTC","Cushing, OK WTI Spot Price FOB (Dollars per Barrel)","58.1","$/BBL"
"2026-01-05","ZEU","NA","EPCBRENT","UK Brent Crude Oil","PF4","Spot Price FOB","RBRTE","Europe Brent Spot Price FOB (Dollars per Barrel)","63","$/BBL"
"2026-01-06","YCUOK","NA","EPCWTI","WTI Crude Oil","PF4","Spot Price FOB","RWTC","Cushing, OK WTI Spot Price FOB (Dollars per Barrel)","56.97","$/BBL"
"2026-01-06","ZEU","NA","EPCBRENT","UK Brent Crude Oil","PF4","Spot Price FOB","RBRTE","Europe Brent Spot Price FOB (Dollars per Barrel)","62.1","$/BBL"
"2026-01-07","YCUOK","NA","EPCWTI","WTI Crude Oil","PF4","Spot Price FOB","RWTC","Cushing, OK WTI Spot Price FOB (Dollars per Barrel)","56.01","$/BBL"
"2026-01-07","ZEU","NA","EPCBRENT","UK Brent Crude Oil","PF4","Spot Price FOB","RBRTE","Europe Brent Spot Price FOB (Dollars per Barrel)","61.08","$/BBL"
"2026-01-08","YCUOK","NA","EPCWTI","WTI Crude Oil","PF4","Spot Price FOB","RWTC","Cushing, OK WTI Spot Price FOB (Dollars per Barrel)","57.74","$/BBL"
"2026-01-08","ZEU","NA","EPCBRENT","UK Brent Crude Oil","PF4","Spot Price FOB","RBRTE","Europe Brent Spot Price FOB (Dollars per Barrel)","63.34","$/BBL"
"2026-01-09","YCUOK","NA","EPCWTI","WTI Crude Oil","PF4","Spot Price FOB","RWTC","Cushing, OK WTI Spot Price FOB (Dollars per Barrel)","58.96","$/BBL"
"2026-01-09","ZEU","NA","EPCBRENT","UK Brent Crude Oil","PF4","Spot Price FOB","RBRTE","Europe Brent Spot Price FOB (Dollars per Barrel)","65.11","$/BBL"
"2026-01-12","YCUOK","NA","EPCWTI","WTI Crude Oil","PF4","Spot Price FOB","RWTC","Cushing, OK WTI Spot Price FOB (Dollars per Barrel)","59.39","$/BBL"
"2026-01-12","ZEU","NA","EPCBRENT","UK Brent Crude Oil","PF4","Spot Price FOB","RBRTE","Europe Brent Spot Price FOB (Dollars per Barrel)","65.4","$/BBL"
"2026-01-13","YCUOK","NA","EPCWTI","WTI Crude Oil","PF4","Spot Price FOB","RWTC","Cushing, OK WTI Spot Price FOB (Dollars per Barrel)","60.85","$/BBL"
"2026-01-13","ZEU","NA","EPCBRENT","UK Brent Crude Oil","PF4","Spot Price FOB","RBRTE","Europe Brent Spot Price FOB (Dollars per Barrel)","67.58","$/BBL"
"2026-01-14","YCUOK","NA","EPCWTI","WTI Crude Oil","PF4","Spot Price FOB","RWTC","Cushing, OK WTI Spot Price FOB (Dollars per Barrel)","61.84","$/BBL"
"2026-01-14","ZEU","NA","EPCBRENT","UK Brent Crude Oil","PF4","Spot Price FOB","RBRTE","Europe Brent Spot Price FOB (Dollars per Barrel)","68.87","$/BBL"
"2026-01-15","YCUOK","NA","EPCWTI","WTI Crude Oil","PF4","Spot Price FOB","RWTC","Cushing, OK WTI Spot Price FOB (Dollars per Barrel)","59.13","$/BBL"
"2026-01-15","ZEU","NA","EPCBRENT","UK Brent Crude Oil","PF4","Spot Price FOB","RBRTE","Europe Brent Spot Price FOB (Dollars per Barrel)","66.16","$/BBL"
"2026-01-16","YCUOK","NA","EPCWTI","WTI Crude Oil","PF4","Spot Price FOB","RWTC","Cushing, OK WTI Spot Price FOB (Dollars per Barrel)","59.4","$/BBL"
"2026-01-16","ZEU","NA","EPCBRENT","UK Brent Crude Oil","PF4","Spot Price FOB","RBRTE","Europe Brent Spot Price FOB (Dollars per Barrel)","66.97","$/BBL"
"2026-01-19","ZEU","NA","EPCBRENT","UK Brent Crude Oil","PF4","Spot Price FOB","RBRTE","Europe Brent Spot Price FOB (Dollars per Barrel)","66.91","$/BBL"
"2026-01-20","YCUOK","NA","EPCWTI","WTI Crude Oil","PF4","Spot Price FOB","RWTC","Cushing, OK WTI Spot Price FOB (Dollars per Barrel)","60.3","$/BBL"
"2026-01-20","ZEU","NA","EPCBRENT","UK Brent Crude Oil","PF4","Spot Price FOB","RBRTE","Europe Brent Spot Price FOB (Dollars per Barrel)","67.68","$/BBL"
"2026-01-21","YCUOK","NA","EPCWTI","WTI Crude Oil","PF4","Spot Price FOB","RWTC","Cushing, OK WTI Spot Price FOB (Dollars per Barrel)","60.38","$/BBL"
"2026-01-21","ZEU","NA","EPCBRENT","UK Brent Crude Oil","PF4","Spot Price FOB","RBRTE","Europe Brent Spot Price FOB (Dollars per Barrel)","66.72","$/BBL"
"2026-01-22","YCUOK","NA","EPCWTI","WTI Crude Oil","PF4","Spot Price FOB","RWTC","Cushing, OK WTI Spot Price FOB (Dollars per Barrel)","59.24","$/BBL"
"2026-01-22","ZEU","NA","EPCBRENT","UK Brent Crude Oil","PF4","Spot Price FOB","RBRTE","Europe Brent Spot Price FOB (Dollars per Barrel)","65.46","$/BBL"
"2026-01-23","YCUOK","NA","EPCWTI","WTI Crude Oil","PF4","Spot Price FOB","RWTC","Cushing, OK WTI Spot Price FOB (Dollars per Barrel)","60.7","$/BBL"
"2026-01-23","ZEU","NA","EPCBRENT","UK Brent Crude Oil","PF4","Spot Price FOB","RBRTE","Europe Brent Spot Price FOB (Dollars per Barrel)","68.16","$/BBL"
"2026-01-26","YCUOK","NA","EPCWTI","WTI Crude Oil","PF4","Spot Price FOB","RWTC","Cushing, OK WTI Spot Price FOB (Dollars per Barrel)","60.46","$/BBL"
"2026-01-26","ZEU","NA","EPCBRENT","UK Brent Crude Oil","PF4","Spot Price FOB","RBRTE","Europe Brent Spot Price FOB (Dollars per Barrel)","67.7","$/BBL"
"2026-01-27","YCUOK","NA","EPCWTI","WTI Crude Oil","PF4","Spot Price FOB","RWTC","Cushing, OK WTI Spot Price FOB (Dollars per Barrel)","62.04","$/BBL"
"2026-01-27","ZEU","NA","EPCBRENT","UK Brent Crude Oil","PF4","Spot Price FOB","RBRTE","Europe Brent Spot Price FOB (Dollars per Barrel)","70.28","$/BBL"
"2026-01-28","YCUOK","NA","EPCWTI","WTI Crude Oil","PF4","Spot Price FOB","RWTC","Cushing, OK WTI Spot Price FOB (Dollars per Barrel)","62.75","$/BBL"
"2026-01-28","ZEU","NA","EPCBRENT","UK Brent Crude Oil","PF4","Spot Price FOB","RBRTE","Europe Brent Spot Price FOB (Dollars per Barrel)","70.9","$/BBL"
"2026-01-29","YCUOK","NA","EPCWTI","WTI Crude Oil","PF4","Spot Price FOB","RWTC","Cushing, OK WTI Spot Price FOB (Dollars per Barrel)","64.77","$/BBL"
"2026-01-29","ZEU","NA","EPCBRENT","UK Brent Crude Oil","PF4","Spot Price FOB","RBRTE","Europe Brent Spot Price FOB (Dollars per Barrel)","71","$/BBL"
"2026-01-30","YCUOK","NA","EPCWTI","WTI Crude Oil","PF4","Spot Price FOB","RWTC","Cushing, OK WTI Spot Price FOB (Dollars per Barrel)","64.5","$/BBL"
"2026-01-30","ZEU","NA","EPCBRENT","UK Brent Crude Oil","PF4","Spot Price FOB","RBRTE","Europe Brent Spot Price FOB (Dollars per Barrel)","72.25","$/BBL"
"2026-02-02","YCUOK","NA","EPCWTI","WTI Crude Oil","PF4","Spot Price FOB","RWTC","Cushing, OK WTI Spot Price FOB (Dollars per Barrel)","61.6","$/BBL"
"2026-02-02","ZEU","NA","EPCBRENT","UK Brent Crude Oil","PF4","Spot Price FOB","RBRTE","Europe Brent Spot Price FOB (Dollars per Barrel)","67.72","$/BBL"
"2026-02-03","YCUOK","NA","EPCWTI","WTI Crude Oil","PF4","Spot Price FOB","RWTC","Cushing, OK WTI Spot Price FOB (Dollars per Barrel)","62.62","$/BBL"
"2026-02-03","ZEU","NA","EPCBRENT","UK Brent Crude Oil","PF4","Spot Price FOB","RBRTE","Europe Brent Spot Price FOB (Dollars per Barrel)","70.01","$/BBL"
"2026-02-04","YCUOK","NA","EPCWTI","WTI Crude Oil","PF4","Spot Price FOB","RWTC","Cushing, OK WTI Spot Price FOB (Dollars per Barrel)","64.56","$/BBL"
"2026-02-04","ZEU","NA","EPCBRENT","UK Brent Crude Oil","PF4","Spot Price FOB","RBRTE","Europe Brent Spot Price FOB (Dollars per Barrel)","71.15","$/BBL"
"2026-02-05","YCUOK","NA","EPCWTI","WTI Crude Oil","PF4","Spot Price FOB","RWTC","Cushing, OK WTI Spot Price FOB (Dollars per Barrel)","62.9","$/BBL"
"2026-02-05","ZEU","NA","EPCBRENT","UK Brent Crude Oil","PF4","Spot Price FOB","RBRTE","Europe Brent Spot Price FOB (Dollars per Barrel)","69.87","$/BBL"
"2026-02-06","YCUOK","NA","EPCWTI","WTI Crude Oil","PF4","Spot Price FOB","RWTC","Cushing, OK WTI Spot Price FOB (Dollars per Barrel)","63.77","$/BBL"
"2026-02-06","ZEU","NA","EPCBRENT","UK Brent Crude Oil","PF4","Spot Price FOB","RBRTE","Europe Brent Spot Price FOB (Dollars per Barrel)","70.45","$/BBL"
"2026-02-09","YCUOK","NA","EPCWTI","WTI Crude Oil","PF4","Spot Price FOB","RWTC","Cushing, OK WTI Spot Price FOB (Dollars per Barrel)","64.53","$/BBL"
"2026-02-09","ZEU","NA","EPCBRENT","UK Brent Crude Oil","PF4","Spot Price FOB","RBRTE","Europe Brent Spot Price FOB (Dollars per Barrel)","71.19","$/BBL"
"2026-02-10","YCUOK","NA","EPCWTI","WTI Crude Oil","PF4","Spot Price FOB","RWTC","Cushing, OK WTI Spot Price FOB (Dollars per Barrel)","64.2","$/BBL"
"2026-02-10","ZEU","NA","EPCBRENT","UK Brent Crude Oil","PF4","Spot Price FOB","RBRTE","Europe Brent Spot Price FOB (Dollars per Barrel)","71.01","$/BBL"
"2026-02-11","YCUOK","NA","EPCWTI","WTI Crude Oil","PF4","Spot Price FOB","RWTC","Cushing, OK WTI Spot Price FOB (Dollars per Barrel)","64.8","$/BBL"
"2026-02-11","ZEU","NA","EPCBRENT","UK Brent Crude Oil","PF4","Spot Price FOB","RBRTE","Europe Brent Spot Price FOB (Dollars per Barrel)","71.52","$/BBL"
"2026-02-12","YCUOK","NA","EPCWTI","WTI Crude Oil","PF4","Spot Price FOB","RWTC","Cushing, OK WTI Spot Price FOB (Dollars per Barrel)","63.08","$/BBL"
"2026-02-12","ZEU","NA","EPCBRENT","UK Brent Crude Oil","PF4","Spot Price FOB","RBRTE","Europe Brent Spot Price FOB (Dollars per Barrel)","69.8","$/BBL"
"2026-02-13","YCUOK","NA","EPCWTI","WTI Crude Oil","PF4","Spot Price FOB","RWTC","Cushing, OK WTI Spot Price FOB (Dollars per Barrel)","63.05","$/BBL"
"2026-02-13","ZEU","NA","EPCBRENT","UK Brent Crude Oil","PF4","Spot Price FOB","RBRTE","Europe Brent Spot Price FOB (Dollars per Barrel)","69.96","$/BBL"
"2026-02-16","ZEU","NA","EPCBRENT","UK Brent Crude Oil","PF4","Spot Price FOB","RBRTE","Europe Brent Spot Price FOB (Dollars per Barrel)","70.81","$/BBL"
"2026-02-17","YCUOK","NA","EPCWTI","WTI Crude Oil","PF4","Spot Price FOB","RWTC","Cushing, OK WTI Spot Price FOB (Dollars per Barrel)","62.53","$/BBL"
"2026-02-17","ZEU","NA","EPCBRENT","UK Brent Crude Oil","PF4","Spot Price FOB","RBRTE","Europe Brent Spot Price FOB (Dollars per Barrel)","69.77","$/BBL"
"2026-02-18","YCUOK","NA","EPCWTI","WTI Crude Oil","PF4","Spot Price FOB","RWTC","Cushing, OK WTI Spot Price FOB (Dollars per Barrel)","65.33","$/BBL"
"2026-02-18","ZEU","NA","EPCBRENT","UK Brent Crude Oil","PF4","Spot Price FOB","RBRTE","Europe Brent Spot Price FOB (Dollars per Barrel)","71.78","$/BBL"
"2026-02-19","YCUOK","NA","EPCWTI","WTI Crude Oil","PF4","Spot Price FOB","RWTC","Cushing, OK WTI Spot Price FOB (Dollars per Barrel)","66.66","$/BBL"
"2026-02-19","ZEU","NA","EPCBRENT","UK Brent Crude Oil","PF4","Spot Price FOB","RBRTE","Europe Brent Spot Price FOB (Dollars per Barrel)","73.17","$/BBL"
"2026-02-20","YCUOK","NA","EPCWTI","WTI Crude Oil","PF4","Spot Price FOB","RWTC","Cushing, OK WTI Spot Price FOB (Dollars per Barrel)","66.69","$/BBL"
"2026-02-20","ZEU","NA","EPCBRENT","UK Brent Crude Oil","PF4","Spot Price FOB","RBRTE","Europe Brent Spot Price FOB (Dollars per Barrel)","72.75","$/BBL"
"2026-02-23","YCUOK","NA","EPCWTI","WTI Crude Oil","PF4","Spot Price FOB","RWTC","Cushing, OK WTI Spot Price FOB (Dollars per Barrel)","66.36","$/BBL"
"2026-02-23","ZEU","NA","EPCBRENT","UK Brent Crude Oil","PF4","Spot Price FOB","RBRTE","Europe Brent Spot Price FOB (Dollars per Barrel)","71.9","$/BBL"
"2026-02-24","YCUOK","NA","EPCWTI","WTI Crude Oil","PF4","Spot Price FOB","RWTC","Cushing, OK WTI Spot Price FOB (Dollars per Barrel)","65.62","$/BBL"
"2026-02-24","ZEU","NA","EPCBRENT","UK Brent Crude Oil","PF4","Spot Price FOB","RBRTE","Europe Brent Spot Price FOB (Dollars per Barrel)","71.21","$/BBL"
"2026-02-25","YCUOK","NA","EPCWTI","WTI Crude Oil","PF4","Spot Price FOB","RWTC","Cushing, OK WTI Spot Price FOB (Dollars per Barrel)","65.3","$/BBL"
"2026-02-25","ZEU","NA","EPCBRENT","UK Brent Crude Oil","PF4","Spot Price FOB","RBRTE","Europe Brent Spot Price FOB (Dollars per Barrel)","70.69","$/BBL"
"2026-02-26","YCUOK","NA","EPCWTI","WTI Crude Oil","PF4","Spot Price FOB","RWTC","Cushing, OK WTI Spot Price FOB (Dollars per Barrel)","65.1","$/BBL"
"2026-02-26","ZEU","NA","EPCBRENT","UK Brent Crude Oil","PF4","Spot Price FOB","RBRTE","Europe Brent Spot Price FOB (Dollars per Barrel)","71.66","$/BBL"
"2026-02-27","YCUOK","NA","EPCWTI","WTI Crude Oil","PF4","Spot Price FOB","RWTC","Cushing, OK WTI Spot Price FOB (Dollars per Barrel)","66.96","$/BBL"
"2026-02-27","ZEU","NA","EPCBRENT","UK Brent Crude Oil","PF4","Spot Price FOB","RBRTE","Europe Brent Spot Price FOB (Dollars per Barrel)","71.32","$/BBL"
"2026-03-02","YCUOK","NA","EPCWTI","WTI Crude Oil","PF4","Spot Price FOB","RWTC","Cushing, OK WTI Spot Price FOB (Dollars per Barrel)","71.13","$/BBL"
"2026-03-02","ZEU","NA","EPCBRENT","UK Brent Crude Oil","PF4","Spot Price FOB","RBRTE","Europe Brent Spot Price FOB (Dollars per Barrel)","77.24","$/BBL"
"2026-03-03","YCUOK","NA","EPCWTI","WTI Crude Oil","PF4","Spot Price FOB","RWTC","Cushing, OK WTI Spot Price FOB (Dollars per Barrel)","74.48","$/BBL"
"2026-03-03","ZEU","NA","EPCBRENT","UK Brent Crude Oil","PF4","Spot Price FOB","RBRTE","Europe Brent Spot Price FOB (Dollars per Barrel)","83.28","$/BBL"
"2026-03-04","YCUOK","NA","EPCWTI","WTI Crude Oil","PF4","Spot Price FOB","RWTC","Cushing, OK WTI Spot Price FOB (Dollars per Barrel)","74.58","$/BBL"
"2026-03-04","ZEU","NA","EPCBRENT","UK Brent Crude Oil","PF4","Spot Price FOB","RBRTE","Europe Brent Spot Price FOB (Dollars per Barrel)","81.56","$/BBL"
"2026-03-05","YCUOK","NA","EPCWTI","WTI Crude Oil","PF4","Spot Price FOB","RWTC","Cushing, OK WTI Spot Price FOB (Dollars per Barrel)","80.88","$/BBL"
"2026-03-05","ZEU","NA","EPCBRENT","UK Brent Crude Oil","PF4","Spot Price FOB","RBRTE","Europe Brent Spot Price FOB (Dollars per Barrel)","88.59","$/BBL"
"2026-03-06","YCUOK","NA","EPCWTI","WTI Crude Oil","PF4","Spot Price FOB","RWTC","Cushing, OK WTI Spot Price FOB (Dollars per Barrel)","90.77","$/BBL"
"2026-03-06","ZEU","NA","EPCBRENT","UK Brent Crude Oil","PF4","Spot Price FOB","RBRTE","Europe Brent Spot Price FOB (Dollars per Barrel)","95.74","$/BBL"
"2026-03-09","YCUOK","NA","EPCWTI","WTI Crude Oil","PF4","Spot Price FOB","RWTC","Cushing, OK WTI Spot Price FOB (Dollars per Barrel)","94.65","$/BBL"
"2026-03-09","ZEU","NA","EPCBRENT","UK Brent Crude Oil","PF4","Spot Price FOB","RBRTE","Europe Brent Spot Price FOB (Dollars per Barrel)","94.35","$/BBL"
"2026-03-10","YCUOK","NA","EPCWTI","WTI Crude Oil","PF4","Spot Price FOB","RWTC","Cushing, OK WTI Spot Price FOB (Dollars per Barrel)","83.71","$/BBL"
"2026-03-10","ZEU","NA","EPCBRENT","UK Brent Crude Oil","PF4","Spot Price FOB","RBRTE","Europe Brent Spot Price FOB (Dollars per Barrel)","89.84","$/BBL"
"2026-03-11","YCUOK","NA","EPCWTI","WTI Crude Oil","PF4","Spot Price FOB","RWTC","Cushing, OK WTI Spot Price FOB (Dollars per Barrel)","86.8","$/BBL"
"2026-03-11","ZEU","NA","EPCBRENT","UK Brent Crude Oil","PF4","Spot Price FOB","RBRTE","Europe Brent Spot Price FOB (Dollars per Barrel)","90.98","$/BBL"
"2026-03-12","YCUOK","NA","EPCWTI","WTI Crude Oil","PF4","Spot Price FOB","RWTC","Cushing, OK WTI Spot Price FOB (Dollars per Barrel)","95.61","$/BBL"
"2026-03-12","ZEU","NA","EPCBRENT","UK Brent Crude Oil","PF4","Spot Price FOB","RBRTE","Europe Brent Spot Price FOB (Dollars per Barrel)","102.38","$/BBL"
"2026-03-13","YCUOK","NA","EPCWTI","WTI Crude Oil","PF4","Spot Price FOB","RWTC","Cushing, OK WTI Spot Price FOB (Dollars per Barrel)","98.48","$/BBL"
"2026-03-13","ZEU","NA","EPCBRENT","UK Brent Crude Oil","PF4","Spot Price FOB","RBRTE","Europe Brent Spot Price FOB (Dollars per Barrel)","103.23","$/BBL"
"2026-03-16","YCUOK","NA","EPCWTI","WTI Crude Oil","PF4","Spot Price FOB","RWTC","Cushing, OK WTI Spot Price FOB (Dollars per Barrel)","93.39","$/BBL"
"2026-03-16","ZEU","NA","EPCBRENT","UK Brent Crude Oil","PF4","Spot Price FOB","RBRTE","Europe Brent Spot Price FOB (Dollars per Barrel)","101.04","$/BBL"
"2026-03-17","YCUOK","NA","EPCWTI","WTI Crude Oil","PF4","Spot Price FOB","RWTC","Cushing, OK WTI Spot Price FOB (Dollars per Barrel)","96.01","$/BBL"
"2026-03-17","ZEU","NA","EPCBRENT","UK Brent Crude Oil","PF4","Spot Price FOB","RBRTE","Europe Brent Spot Price FOB (Dollars per Barrel)","108.39","$/BBL"
"2026-03-18","YCUOK","NA","EPCWTI","WTI Crude Oil","PF4","Spot Price FOB","RWTC","Cushing, OK WTI Spot Price FOB (Dollars per Barrel)","96.12","$/BBL"
"2026-03-18","ZEU","NA","EPCBRENT","UK Brent Crude Oil","PF4","Spot Price FOB","RBRTE","Europe Brent Spot Price FOB (Dollars per Barrel)","118.09","$/BBL"
"2026-03-19","YCUOK","NA","EPCWTI","WTI Crude Oil","PF4","Spot Price FOB","RWTC","Cushing, OK WTI Spot Price FOB (Dollars per Barrel)","96.11","$/BBL"
"2026-03-19","ZEU","NA","EPCBRENT","UK Brent Crude Oil","PF4","Spot Price FOB","RBRTE","Europe Brent Spot Price FOB (Dollars per Barrel)","111.05","$/BBL"
"2026-03-20","YCUOK","NA","EPCWTI","WTI Crude Oil","PF4","Spot Price FOB","RWTC","Cushing, OK WTI Spot Price FOB (Dollars per Barrel)","98.71","$/BBL"
"2026-03-20","ZEU","NA","EPCBRENT","UK Brent Crude Oil","PF4","Spot Price FOB","RBRTE","Europe Brent Spot Price FOB (Dollars per Barrel)","118.42","$/BBL"
"2026-03-23","YCUOK","NA","EPCWTI","WTI Crude Oil","PF4","Spot Price FOB","RWTC","Cushing, OK WTI Spot Price FOB (Dollars per Barrel)","89.33","$/BBL"
"2026-03-23","ZEU","NA","EPCBRENT","UK Brent Crude Oil","PF4","Spot Price FOB","RBRTE","Europe Brent Spot Price FOB (Dollars per Barrel)","103.79","$/BBL"
"2026-03-24","YCUOK","NA","EPCWTI","WTI Crude Oil","PF4","Spot Price FOB","RWTC","Cushing, OK WTI Spot Price FOB (Dollars per Barrel)","93.18","$/BBL"
"2026-03-24","ZEU","NA","EPCBRENT","UK Brent Crude Oil","PF4","Spot Price FOB","RBRTE","Europe Brent Spot Price FOB (Dollars per Barrel)","108.42","$/BBL"
"2026-03-25","YCUOK","NA","EPCWTI","WTI Crude Oil","PF4","Spot Price FOB","RWTC","Cushing, OK WTI Spot Price FOB (Dollars per Barrel)","91.51","$/BBL"
"2026-03-25","ZEU","NA","EPCBRENT","UK Brent Crude Oil","PF4","Spot Price FOB","RBRTE","Europe Brent Spot Price FOB (Dollars per Barrel)","109.14","$/BBL"
"2026-03-26","YCUOK","NA","EPCWTI","WTI Crude Oil","PF4","Spot Price FOB","RWTC","Cushing, OK WTI Spot Price FOB (Dollars per Barrel)","96.18","$/BBL"
"2026-03-26","ZEU","NA","EPCBRENT","UK Brent Crude Oil","PF4","Spot Price FOB","RBRTE","Europe Brent Spot Price FOB (Dollars per Barrel)","113.39","$/BBL"
"2026-03-27","YCUOK","NA","EPCWTI","WTI Crude Oil","PF4","Spot Price FOB","RWTC","Cushing, OK WTI Spot Price FOB (Dollars per Barrel)","101.26","$/BBL"
"2026-03-27","ZEU","NA","EPCBRENT","UK Brent Crude Oil","PF4","Spot Price FOB","RBRTE","Europe Brent Spot Price FOB (Dollars per Barrel)","121.47","$/BBL"
"2026-03-30","YCUOK","NA","EPCWTI","WTI Crude Oil","PF4","Spot Price FOB","RWTC","Cushing, OK WTI Spot Price FOB (Dollars per Barrel)","104.69","$/BBL"
"2026-03-30","ZEU","NA","EPCBRENT","UK Brent Crude Oil","PF4","Spot Price FOB","RBRTE","Europe Brent Spot Price FOB (Dollars per Barrel)","121.88","$/BBL"
"2026-03-31","YCUOK","NA","EPCWTI","WTI Crude Oil","PF4","Spot Price FOB","RWTC","Cushing, OK WTI Spot Price FOB (Dollars per Barrel)","102.86","$/BBL"
"2026-03-31","ZEU","NA","EPCBRENT","UK Brent Crude Oil","PF4","Spot Price FOB","RBRTE","Europe Brent Spot Price FOB (Dollars per Barrel)","126.69","$/BBL"
"2026-04-01","YCUOK","NA","EPCWTI","WTI Crude Oil","PF4","Spot Price FOB","RWTC","Cushing, OK WTI Spot Price FOB (Dollars per Barrel)","101.9","$/BBL"
"2026-04-01","ZEU","NA","EPCBRENT","UK Brent Crude Oil","PF4","Spot Price FOB","RBRTE","Europe Brent Spot Price FOB (Dollars per Barrel)","119.56","$/BBL"
"2026-04-02","YCUOK","NA","EPCWTI","WTI Crude Oil","PF4","Spot Price FOB","RWTC","Cushing, OK WTI Spot Price FOB (Dollars per Barrel)","113.23","$/BBL"
"2026-04-02","ZEU","NA","EPCBRENT","UK Brent Crude Oil","PF4","Spot Price FOB","RBRTE","Europe Brent Spot Price FOB (Dollars per Barrel)","127.61","$/BBL"
"2026-04-06","YCUOK","NA","EPCWTI","WTI Crude Oil","PF4","Spot Price FOB","RWTC","Cushing, OK WTI Spot Price FOB (Dollars per Barrel)","114.01","$/BBL"
"2026-04-07","YCUOK","NA","EPCWTI","WTI Crude Oil","PF4","Spot Price FOB","RWTC","Cushing, OK WTI Spot Price FOB (Dollars per Barrel)","114.58","$/BBL"
"2026-04-07","ZEU","NA","EPCBRENT","UK Brent Crude Oil","PF4","Spot Price FOB","RBRTE","Europe Brent Spot Price FOB (Dollars per Barrel)","138.21","$/BBL"
"2026-04-08","YCUOK","NA","EPCWTI","WTI Crude Oil","PF4","Spot Price FOB","RWTC","Cushing, OK WTI Spot Price FOB (Dollars per Barrel)","96.17","$/BBL"
"2026-04-08","ZEU","NA","EPCBRENT","UK Brent Crude Oil","PF4","Spot Price FOB","RBRTE","Europe Brent Spot Price FOB (Dollars per Barrel)","122.11","$/BBL"
"2026-04-09","YCUOK","NA","EPCWTI","WTI Crude Oil","PF4","Spot Price FOB","RWTC","Cushing, OK WTI Spot Price FOB (Dollars per Barrel)","99.62","$/BBL"
"2026-04-09","ZEU","NA","EPCBRENT","UK Brent Crude Oil","PF4","Spot Price FOB","RBRTE","Europe Brent Spot Price FOB (Dollars per Barrel)","119.03","$/BBL"
"2026-04-10","YCUOK","NA","EPCWTI","WTI Crude Oil","PF4","Spot Price FOB","RWTC","Cushing, OK WTI Spot Price FOB (Dollars per Barrel)","98.34","$/BBL"
"2026-04-10","ZEU","NA","EPCBRENT","UK Brent Crude Oil","PF4","Spot Price FOB","RBRTE","Europe Brent Spot Price FOB (Dollars per Barrel)","119.07","$/BBL"
"2026-04-13","YCUOK","NA","EPCWTI","WTI Crude Oil","PF4","Spot Price FOB","RWTC","Cushing, OK WTI Spot Price FOB (Dollars per Barrel)","100.72","$/BBL"
"2026-04-13","ZEU","NA","EPCBRENT","UK Brent Crude Oil","PF4","Spot Price FOB","RBRTE","Europe Brent Spot Price FOB (Dollars per Barrel)","123.28","$/BBL"
"2026-04-14","YCUOK","NA","EPCWTI","WTI Crude Oil","PF4","Spot Price FOB","RWTC","Cushing, OK WTI Spot Price FOB (Dollars per Barrel)","93.07","$/BBL"
"2026-04-14","ZEU","NA","EPCBRENT","UK Brent Crude Oil","PF4","Spot Price FOB","RBRTE","Europe Brent Spot Price FOB (Dollars per Barrel)","118.69","$/BBL"
"2026-04-15","YCUOK","NA","EPCWTI","WTI Crude Oil","PF4","Spot Price FOB","RWTC","Cushing, OK WTI Spot Price FOB (Dollars per Barrel)","93.04","$/BBL"
"2026-04-15","ZEU","NA","EPCBRENT","UK Brent Crude Oil","PF4","Spot Price FOB","RBRTE","Europe Brent Spot Price FOB (Dollars per Barrel)","114.93","$/BBL"
"2026-04-16","YCUOK","NA","EPCWTI","WTI Crude Oil","PF4","Spot Price FOB","RWTC","Cushing, OK WTI Spot Price FOB (Dollars per Barrel)","96.46","$/BBL"
"2026-04-16","ZEU","NA","EPCBRENT","UK Brent Crude Oil","PF4","Spot Price FOB","RBRTE","Europe Brent Spot Price FOB (Dollars per Barrel)","116.63","$/BBL"
"2026-04-17","YCUOK","NA","EPCWTI","WTI Crude Oil","PF4","Spot Price FOB","RWTC","Cushing, OK WTI Spot Price FOB (Dollars per Barrel)","85.91","$/BBL"
"2026-04-17","ZEU","NA","EPCBRENT","UK Brent Crude Oil","PF4","Spot Price FOB","RBRTE","Europe Brent Spot Price FOB (Dollars per Barrel)","98.63","$/BBL"
"2026-04-20","YCUOK","NA","EPCWTI","WTI Crude Oil","PF4","Spot Price FOB","RWTC","Cushing, OK WTI Spot Price FOB (Dollars per Barrel)","91.06","$/BBL"
"2026-04-20","ZEU","NA","EPCBRENT","UK Brent Crude Oil","PF4","Spot Price FOB","RBRTE","Europe Brent Spot Price FOB (Dollars per Barrel)","103.4","$/BBL"
"2026-04-21","YCUOK","NA","EPCWTI","WTI Crude Oil","PF4","Spot Price FOB","RWTC","Cushing, OK WTI Spot Price FOB (Dollars per Barrel)","93.64","$/BBL"
"2026-04-21","ZEU","NA","EPCBRENT","UK Brent Crude Oil","PF4","Spot Price FOB","RBRTE","Europe Brent Spot Price FOB (Dollars per Barrel)","106.14","$/BBL"
"2026-04-22","YCUOK","NA","EPCWTI","WTI Crude Oil","PF4","Spot Price FOB","RWTC","Cushing, OK WTI Spot Price FOB (Dollars per Barrel)","94.76","$/BBL"
"2026-04-22","ZEU","NA","EPCBRENT","UK Brent Crude Oil","PF4","Spot Price FOB","RBRTE","Europe Brent Spot Price FOB (Dollars per Barrel)","113.44","$/BBL"
"2026-04-23","YCUOK","NA","EPCWTI","WTI Crude Oil","PF4","Spot Price FOB","RWTC","Cushing, OK WTI Spot Price FOB (Dollars per Barrel)","99.27","$/BBL"
"2026-04-23","ZEU","NA","EPCBRENT","UK Brent Crude Oil","PF4","Spot Price FOB","RBRTE","Europe Brent Spot Price FOB (Dollars per Barrel)","113.25","$/BBL"
"2026-04-24","YCUOK","NA","EPCWTI","WTI Crude Oil","PF4","Spot Price FOB","RWTC","Cushing, OK WTI Spot Price FOB (Dollars per Barrel)","98.42","$/BBL"
"2026-04-24","ZEU","NA","EPCBRENT","UK Brent Crude Oil","PF4","Spot Price FOB","RBRTE","Europe Brent Spot Price FOB (Dollars per Barrel)","111.86","$/BBL"
"2026-04-27","YCUOK","NA","EPCWTI","WTI Crude Oil","PF4","Spot Price FOB","RWTC","Cushing, OK WTI Spot Price FOB (Dollars per Barrel)","99.89","$/BBL"
"2026-04-27","ZEU","NA","EPCBRENT","UK Brent Crude Oil","PF4","Spot Price FOB","RBRTE","Europe Brent Spot Price FOB (Dollars per Barrel)","113.89","$/BBL"
"2026-04-28","YCUOK","NA","EPCWTI","WTI Crude Oil","PF4","Spot Price FOB","RWTC","Cushing, OK WTI Spot Price FOB (Dollars per Barrel)","103.45","$/BBL"
"2026-04-28","ZEU","NA","EPCBRENT","UK Brent Crude Oil","PF4","Spot Price FOB","RBRTE","Europe Brent Spot Price FOB (Dollars per Barrel)","117.62","$/BBL"
"2026-04-29","YCUOK","NA","EPCWTI","WTI Crude Oil","PF4","Spot Price FOB","RWTC","Cushing, OK WTI Spot Price FOB (Dollars per Barrel)","110.47","$/BBL"
"2026-04-29","ZEU","NA","EPCBRENT","UK Brent Crude Oil","PF4","Spot Price FOB","RBRTE","Europe Brent Spot Price FOB (Dollars per Barrel)","124.16","$/BBL"
"2026-04-30","YCUOK","NA","EPCWTI","WTI Crude Oil","PF4","Spot Price FOB","RWTC","Cushing, OK WTI Spot Price FOB (Dollars per Barrel)","108.64","$/BBL"
"2026-04-30","ZEU","NA","EPCBRENT","UK Brent Crude Oil","PF4","Spot Price FOB","RBRTE","Europe Brent Spot Price FOB (Dollars per Barrel)","124.24","$/BBL"
"2026-05-01","YCUOK","NA","EPCWTI","WTI Crude Oil","PF4","Spot Price FOB","RWTC","Cushing, OK WTI Spot Price FOB (Dollars per Barrel)","105.38","$/BBL"
"2026-05-01","ZEU","NA","EPCBRENT","UK Brent Crude Oil","PF4","Spot Price FOB","RBRTE","Europe Brent Spot Price FOB (Dollars per Barrel)","118.26","$/BBL"
"2026-05-04","YCUOK","NA","EPCWTI","WTI Crude Oil","PF4","Spot Price FOB","RWTC","Cushing, OK WTI Spot Price FOB (Dollars per Barrel)","109.76","$/BBL"
"2026-05-05","YCUOK","NA","EPCWTI","WTI Crude Oil","PF4","Spot Price FOB","RWTC","Cushing, OK WTI Spot Price FOB (Dollars per Barrel)","105.66","$/BBL"
"2026-05-05","ZEU","NA","EPCBRENT","UK Brent Crude Oil","PF4","Spot Price FOB","RBRTE","Europe Brent Spot Price FOB (Dollars per Barrel)","114.51","$/BBL"
"2026-05-06","YCUOK","NA","EPCWTI","WTI Crude Oil","PF4","Spot Price FOB","RWTC","Cushing, OK WTI Spot Price FOB (Dollars per Barrel)","98.75","$/BBL"
"2026-05-06","ZEU","NA","EPCBRENT","UK Brent Crude Oil","PF4","Spot Price FOB","RBRTE","Europe Brent Spot Price FOB (Dollars per Barrel)","103.7","$/BBL"
"2026-05-07","YCUOK","NA","EPCWTI","WTI Crude Oil","PF4","Spot Price FOB","RWTC","Cushing, OK WTI Spot Price FOB (Dollars per Barrel)","98.38","$/BBL"
"2026-05-07","ZEU","NA","EPCBRENT","UK Brent Crude Oil","PF4","Spot Price FOB","RBRTE","Europe Brent Spot Price FOB (Dollars per Barrel)","101.82","$/BBL"
"2026-05-08","YCUOK","NA","EPCWTI","WTI Crude Oil","PF4","Spot Price FOB","RWTC","Cushing, OK WTI Spot Price FOB (Dollars per Barrel)","98.87","$/BBL"
"2026-05-08","ZEU","NA","EPCBRENT","UK Brent Crude Oil","PF4","Spot Price FOB","RBRTE","Europe Brent Spot Price FOB (Dollars per Barrel)","103.48","$/BBL"
"2026-05-11","YCUOK","NA","EPCWTI","WTI Crude Oil","PF4","Spot Price FOB","RWTC","Cushing, OK WTI Spot Price FOB (Dollars per Barrel)","101.56","$/BBL"
"2026-05-11","ZEU","NA","EPCBRENT","UK Brent Crude Oil","PF4","Spot Price FOB","RBRTE","Europe Brent Spot Price FOB (Dollars per Barrel)","106.11","$/BBL"
"2026-05-12","YCUOK","NA","EPCWTI","WTI Crude Oil","PF4","Spot Price FOB","RWTC","Cushing, OK WTI Spot Price FOB (Dollars per Barrel)","105.78","$/BBL"
"2026-05-12","ZEU","NA","EPCBRENT","UK Brent Crude Oil","PF4","Spot Price FOB","RBRTE","Europe Brent Spot Price FOB (Dollars per Barrel)","111.37","$/BBL"
"2026-05-13","YCUOK","NA","EPCWTI","WTI Crude Oil","PF4","Spot Price FOB","RWTC","Cushing, OK WTI Spot Price FOB (Dollars per Barrel)","104.52","$/BBL"
"2026-05-13","ZEU","NA","EPCBRENT","UK Brent Crude Oil","PF4","Spot Price FOB","RBRTE","Europe Brent Spot Price FOB (Dollars per Barrel)","110.28","$/BBL"
"2026-05-14","YCUOK","NA","EPCWTI","WTI Crude Oil","PF4","Spot Price FOB","RWTC","Cushing, OK WTI Spot Price FOB (Dollars per Barrel)","104.66","$/BBL"
"2026-05-14","ZEU","NA","EPCBRENT","UK Brent Crude Oil","PF4","Spot Price FOB","RBRTE","Europe Brent Spot Price FOB (Dollars per Barrel)","110.91","$/BBL"
"2026-05-15","YCUOK","NA","EPCWTI","WTI Crude Oil","PF4","Spot Price FOB","RWTC","Cushing, OK WTI Spot Price FOB (Dollars per Barrel)","108.99","$/BBL"
"2026-05-15","ZEU","NA","EPCBRENT","UK Brent Crude Oil","PF4","Spot Price FOB","RBRTE","Europe Brent Spot Price FOB (Dollars per Barrel)","113.96","$/BBL"
"2026-05-18","YCUOK","NA","EPCWTI","WTI Crude Oil","PF4","Spot Price FOB","RWTC","Cushing, OK WTI Spot Price FOB (Dollars per Barrel)","112.25","$/BBL"
"2026-05-18","ZEU","NA","EPCBRENT","UK Brent Crude Oil","PF4","Spot Price FOB","RBRTE","Europe Brent Spot Price FOB (Dollars per Barrel)","116.73","$/BBL"
"2026-05-19","YCUOK","NA","EPCWTI","WTI Crude Oil","PF4","Spot Price FOB","RWTC","Cushing, OK WTI Spot Price FOB (Dollars per Barrel)","112.09","$/BBL"
"2026-05-19","ZEU","NA","EPCBRENT","UK Brent Crude Oil","PF4","Spot Price FOB","RBRTE","Europe Brent Spot Price FOB (Dollars per Barrel)","114.64","$/BBL"
"2026-05-20","YCUOK","NA","EPCWTI","WTI Crude Oil","PF4","Spot Price FOB","RWTC","Cushing, OK WTI Spot Price FOB (Dollars per Barrel)","101.69","$/BBL"
"2026-05-20","ZEU","NA","EPCBRENT","UK Brent Crude Oil","PF4","Spot Price FOB","RBRTE","Europe Brent Spot Price FOB (Dollars per Barrel)","108.93","$/BBL"
"2026-05-21","YCUOK","NA","EPCWTI","WTI Crude Oil","PF4","Spot Price FOB","RWTC","Cushing, OK WTI Spot Price FOB (Dollars per Barrel)","100.2","$/BBL"
"2026-05-21","ZEU","NA","EPCBRENT","UK Brent Crude Oil","PF4","Spot Price FOB","RBRTE","Europe Brent Spot Price FOB (Dollars per Barrel)","105.84","$/BBL"
"2026-05-22","YCUOK","NA","EPCWTI","WTI Crude Oil","PF4","Spot Price FOB","RWTC","Cushing, OK WTI Spot Price FOB (Dollars per Barrel)","100.35","$/BBL"
"2026-05-22","ZEU","NA","EPCBRENT","UK Brent Crude Oil","PF4","Spot Price FOB","RBRTE","Europe Brent Spot Price FOB (Dollars per Barrel)","106.9","$/BBL"
"2026-05-26","YCUOK","NA","EPCWTI","WTI Crude Oil","PF4","Spot Price FOB","RWTC","Cushing, OK WTI Spot Price FOB (Dollars per Barrel)","97.63","$/BBL"
"2026-05-26","ZEU","NA","EPCBRENT","UK Brent Crude Oil","PF4","Spot Price FOB","RBRTE","Europe Brent Spot Price FOB (Dollars per Barrel)","102.75","$/BBL"
"2026-05-27","YCUOK","NA","EPCWTI","WTI Crude Oil","PF4","Spot Price FOB","RWTC","Cushing, OK WTI Spot Price FOB (Dollars per Barrel)","92.35","$/BBL"
"2026-05-27","ZEU","NA","EPCBRENT","UK Brent Crude Oil","PF4","Spot Price FOB","RBRTE","Europe Brent Spot Price FOB (Dollars per Barrel)","97.11","$/BBL"
"2026-05-28","YCUOK","NA","EPCWTI","WTI Crude Oil","PF4","Spot Price FOB","RWTC","Cushing, OK WTI Spot Price FOB (Dollars per Barrel)","92.65","$/BBL"
"2026-05-28","ZEU","NA","EPCBRENT","UK Brent Crude Oil","PF4","Spot Price FOB","RBRTE","Europe Brent Spot Price FOB (Dollars per Barrel)","95.47","$/BBL"
"2026-05-29","YCUOK","NA","EPCWTI","WTI Crude Oil","PF4","Spot Price FOB","RWTC","Cushing, OK WTI Spot Price FOB (Dollars per Barrel)","91.16","$/BBL"
"2026-05-29","ZEU","NA","EPCBRENT","UK Brent Crude Oil","PF4","Spot Price FOB","RBRTE","Europe Brent Spot Price FOB (Dollars per Barrel)","92.88","$/BBL"
"2026-06-01","YCUOK","NA","EPCWTI","WTI Crude Oil","PF4","Spot Price FOB","RWTC","Cushing, OK WTI Spot Price FOB (Dollars per Barrel)","95.96","$/BBL"
"2026-06-01","ZEU","NA","EPCBRENT","UK Brent Crude Oil","PF4","Spot Price FOB","RBRTE","Europe Brent Spot Price FOB (Dollars per Barrel)","98.29","$/BBL"
"2026-06-02","YCUOK","NA","EPCWTI","WTI Crude Oil","PF4","Spot Price FOB","RWTC","Cushing, OK WTI Spot Price FOB (Dollars per Barrel)","97.47","$/BBL"
"2026-06-02","ZEU","NA","EPCBRENT","UK Brent Crude Oil","PF4","Spot Price FOB","RBRTE","Europe Brent Spot Price FOB (Dollars per Barrel)","98.49","$/BBL"
"2026-06-03","YCUOK","NA","EPCWTI","WTI Crude Oil","PF4","Spot Price FOB","RWTC","Cushing, OK WTI Spot Price FOB (Dollars per Barrel)","99.76","$/BBL"
"2026-06-03","ZEU","NA","EPCBRENT","UK Brent Crude Oil","PF4","Spot Price FOB","RBRTE","Europe Brent Spot Price FOB (Dollars per Barrel)","101.69","$/BBL"
"2026-06-04","YCUOK","NA","EPCWTI","WTI Crude Oil","PF4","Spot Price FOB","RWTC","Cushing, OK WTI Spot Price FOB (Dollars per Barrel)","96.83","$/BBL"
"2026-06-04","ZEU","NA","EPCBRENT","UK Brent Crude Oil","PF4","Spot Price FOB","RBRTE","Europe Brent Spot Price FOB (Dollars per Barrel)","98.98","$/BBL"
"2026-06-05","YCUOK","NA","EPCWTI","WTI Crude Oil","PF4","Spot Price FOB","RWTC","Cushing, OK WTI Spot Price FOB (Dollars per Barrel)","94.32","$/BBL"
"2026-06-05","ZEU","NA","EPCBRENT","UK Brent Crude Oil","PF4","Spot Price FOB","RBRTE","Europe Brent Spot Price FOB (Dollars per Barrel)","97.29","$/BBL"
"2026-06-08","YCUOK","NA","EPCWTI","WTI Crude Oil","PF4","Spot Price FOB","RWTC","Cushing, OK WTI Spot Price FOB (Dollars per Barrel)","95","$/BBL"
"2026-06-08","ZEU","NA","EPCBRENT","UK Brent Crude Oil","PF4","Spot Price FOB","RBRTE","Europe Brent Spot Price FOB (Dollars per Barrel)","97.46","$/BBL"
"2026-06-09","YCUOK","NA","EPCWTI","WTI Crude Oil","PF4","Spot Price FOB","RWTC","Cushing, OK WTI Spot Price FOB (Dollars per Barrel)","91.9","$/BBL"
"2026-06-09","ZEU","NA","EPCBRENT","UK Brent Crude Oil","PF4","Spot Price FOB","RBRTE","Europe Brent Spot Price FOB (Dollars per Barrel)","94.15","$/BBL"
"2026-06-10","YCUOK","NA","EPCWTI","WTI Crude Oil","PF4","Spot Price FOB","RWTC","Cushing, OK WTI Spot Price FOB (Dollars per Barrel)","93.68","$/BBL"
"2026-06-10","ZEU","NA","EPCBRENT","UK Brent Crude Oil","PF4","Spot Price FOB","RBRTE","Europe Brent Spot Price FOB (Dollars per Barrel)","95.73","$/BBL"
"2026-06-11","YCUOK","NA","EPCWTI","WTI Crude Oil","PF4","Spot Price FOB","RWTC","Cushing, OK WTI Spot Price FOB (Dollars per Barrel)","91.58","$/BBL"
"2026-06-11","ZEU","NA","EPCBRENT","UK Brent Crude Oil","PF4","Spot Price FOB","RBRTE","Europe Brent Spot Price FOB (Dollars per Barrel)","92.84","$/BBL"
"2026-06-12","YCUOK","NA","EPCWTI","WTI Crude Oil","PF4","Spot Price FOB","RWTC","Cushing, OK WTI Spot Price FOB (Dollars per Barrel)","88.62","$/BBL"
"2026-06-12","ZEU","NA","EPCBRENT","UK Brent Crude Oil","PF4","Spot Price FOB","RBRTE","Europe Brent Spot Price FOB (Dollars per Barrel)","88.64","$/BBL"
"2026-06-15","YCUOK","NA","EPCWTI","WTI Crude Oil","PF4","Spot Price FOB","RWTC","Cushing, OK WTI Spot Price FOB (Dollars per Barrel)","84.65","$/BBL"
"2026-06-15","ZEU","NA","EPCBRENT","UK Brent Crude Oil","PF4","Spot Price FOB","RBRTE","Europe Brent Spot Price FOB (Dollars per Barrel)","84.36","$/BBL"
"2026-06-16","YCUOK","NA","EPCWTI","WTI Crude Oil","PF4","Spot Price FOB","RWTC","Cushing, OK WTI Spot Price FOB (Dollars per Barrel)","79.8","$/BBL"
"2026-06-16","ZEU","NA","EPCBRENT","UK Brent Crude Oil","PF4","Spot Price FOB","RBRTE","Europe Brent Spot Price FOB (Dollars per Barrel)","80.5","$/BBL"
"2026-06-17","YCUOK","NA","EPCWTI","WTI Crude Oil","PF4","Spot Price FOB","RWTC","Cushing, OK WTI Spot Price FOB (Dollars per Barrel)","80.65","$/BBL"
"2026-06-17","ZEU","NA","EPCBRENT","UK Brent Crude Oil","PF4","Spot Price FOB","RBRTE","Europe Brent Spot Price FOB (Dollars per Barrel)","80.33","$/BBL"
"2026-06-18","YCUOK","NA","EPCWTI","WTI Crude Oil","PF4","Spot Price FOB","RWTC","Cushing, OK WTI Spot Price FOB (Dollars per Barrel)","80.35","$/BBL"
"2026-06-18","ZEU","NA","EPCBRENT","UK Brent Crude Oil","PF4","Spot Price FOB","RBRTE","Europe Brent Spot Price FOB (Dollars per Barrel)","79.35","$/BBL"
"2026-06-19","ZEU","NA","EPCBRENT","UK Brent Crude Oil","PF4","Spot Price FOB","RBRTE","Europe Brent Spot Price FOB (Dollars per Barrel)","80.46","$/BBL"
"2026-06-22","YCUOK","NA","EPCWTI","WTI Crude Oil","PF4","Spot Price FOB","RWTC","Cushing, OK WTI Spot Price FOB (Dollars per Barrel)","78.94","$/BBL"
"2026-06-22","ZEU","NA","EPCBRENT","UK Brent Crude Oil","PF4","Spot Price FOB","RBRTE","Europe Brent Spot Price FOB (Dollars per Barrel)","76.49","$/BBL"
"2026-06-23","YCUOK","NA","EPCWTI","WTI Crude Oil","PF4","Spot Price FOB","RWTC","Cushing, OK WTI Spot Price FOB (Dollars per Barrel)","74.62","$/BBL"
"2026-06-23","ZEU","NA","EPCBRENT","UK Brent Crude Oil","PF4","Spot Price FOB","RBRTE","Europe Brent Spot Price FOB (Dollars per Barrel)","75.69","$/BBL"
"2026-06-24","YCUOK","NA","EPCWTI","WTI Crude Oil","PF4","Spot Price FOB","RWTC","Cushing, OK WTI Spot Price FOB (Dollars per Barrel)","71.42","$/BBL"
"2026-06-24","ZEU","NA","EPCBRENT","UK Brent Crude Oil","PF4","Spot Price FOB","RBRTE","Europe Brent Spot Price FOB (Dollars per Barrel)","72.09","$/BBL"
"2026-06-25","YCUOK","NA","EPCWTI","WTI Crude Oil","PF4","Spot Price FOB","RWTC","Cushing, OK WTI Spot Price FOB (Dollars per Barrel)","72.67","$/BBL"
"2026-06-25","ZEU","NA","EPCBRENT","UK Brent Crude Oil","PF4","Spot Price FOB","RBRTE","Europe Brent Spot Price FOB (Dollars per Barrel)","73.74","$/BBL"
"2026-06-26","YCUOK","NA","EPCWTI","WTI Crude Oil","PF4","Spot Price FOB","RWTC","Cushing, OK WTI Spot Price FOB (Dollars per Barrel)","70.3","$/BBL"
"2026-06-26","ZEU","NA","EPCBRENT","UK Brent Crude Oil","PF4","Spot Price FOB","RBRTE","Europe Brent Spot Price FOB (Dollars per Barrel)","70.16","$/BBL"
"2026-06-29","YCUOK","NA","EPCWTI","WTI Crude Oil","PF4","Spot Price FOB","RWTC","Cushing, OK WTI Spot Price FOB (Dollars per Barrel)","71.87","$/BBL"
"2026-06-29","ZEU","NA","EPCBRENT","UK Brent Crude Oil","PF4","Spot Price FOB","RBRTE","Europe Brent Spot Price FOB (Dollars per Barrel)","71.59","$/BBL"
"2026-06-30","YCUOK","NA","EPCWTI","WTI Crude Oil","PF4","Spot Price FOB","RWTC","Cushing, OK WTI Spot Price FOB (Dollars per Barrel)","70.56","$/BBL"
"2026-06-30","ZEU","NA","EPCBRENT","UK Brent Crude Oil","PF4","Spot Price FOB","RBRTE","Europe Brent Spot Price FOB (Dollars per Barrel)","70.46","$/BBL"
"2026-07-01","YCUOK","NA","EPCWTI","WTI Crude Oil","PF4","Spot Price FOB","RWTC","Cushing, OK WTI Spot Price FOB (Dollars per Barrel)","69.74","$/BBL"
"2026-07-01","ZEU","NA","EPCBRENT","UK Brent Crude Oil","PF4","Spot Price FOB","RBRTE","Europe Brent Spot Price FOB (Dollars per Barrel)","69.24","$/BBL"
"2026-07-02","YCUOK","NA","EPCWTI","WTI Crude Oil","PF4","Spot Price FOB","RWTC","Cushing, OK WTI Spot Price FOB (Dollars per Barrel)","69.73","$/BBL"
"2026-07-02","ZEU","NA","EPCBRENT","UK Brent Crude Oil","PF4","Spot Price FOB","RBRTE","Europe Brent Spot Price FOB (Dollars per Barrel)","68.53","$/BBL"
"2026-07-03","ZEU","NA","EPCBRENT","UK Brent Crude Oil","PF4","Spot Price FOB","RBRTE","Europe Brent Spot Price FOB (Dollars per Barrel)","68.68","$/BBL"
"2026-07-06","YCUOK","NA","EPCWTI","WTI Crude Oil","PF4","Spot Price FOB","RWTC","Cushing, OK WTI Spot Price FOB (Dollars per Barrel)","69.6","$/BBL"
"2026-07-06","ZEU","NA","EPCBRENT","UK Brent Crude Oil","PF4","Spot Price FOB","RBRTE","Europe Brent Spot Price FOB (Dollars per Barrel)","69.56","$/BBL"
"2026-07-07","YCUOK","NA","EPCWTI","WTI Crude Oil","PF4","Spot Price FOB","RWTC","Cushing, OK WTI Spot Price FOB (Dollars per Barrel)","71.53","$/BBL"
"2026-07-07","ZEU","NA","EPCBRENT","UK Brent Crude Oil","PF4","Spot Price FOB","RBRTE","Europe Brent Spot Price FOB (Dollars per Barrel)","71.78","$/BBL"
"2026-07-08","YCUOK","NA","EPCWTI","WTI Crude Oil","PF4","Spot Price FOB","RWTC","Cushing, OK WTI Spot Price FOB (Dollars per Barrel)","74.56","$/BBL"
"2026-07-08","ZEU","NA","EPCBRENT","UK Brent Crude Oil","PF4","Spot Price FOB","RBRTE","Europe Brent Spot Price FOB (Dollars per Barrel)","76.5","$/BBL"
"2026-07-09","YCUOK","NA","EPCWTI","WTI Crude Oil","PF4","Spot Price FOB","RWTC","Cushing, OK WTI Spot Price FOB (Dollars per Barrel)","73.15","$/BBL"
"2026-07-09","ZEU","NA","EPCBRENT","UK Brent Crude Oil","PF4","Spot Price FOB","RBRTE","Europe Brent Spot Price FOB (Dollars per Barrel)","74.46","$/BBL"
"2026-07-10","YCUOK","NA","EPCWTI","WTI Crude Oil","PF4","Spot Price FOB","RWTC","Cushing, OK WTI Spot Price FOB (Dollars per Barrel)","72.45","$/BBL"
"2026-07-10","ZEU","NA","EPCBRENT","UK Brent Crude Oil","PF4","Spot Price FOB","RBRTE","Europe Brent Spot Price FOB (Dollars per Barrel)","74.34","$/BBL"
"2026-07-13","YCUOK","NA","EPCWTI","WTI Crude Oil","PF4","Spot Price FOB","RWTC","Cushing, OK WTI Spot Price FOB (Dollars per Barrel)","79.2","$/BBL"
"2026-07-13","ZEU","NA","EPCBRENT","UK Brent Crude Oil","PF4","Spot Price FOB","RBRTE","Europe Brent Spot Price FOB (Dollars per Barrel)","81.62","$/BBL"
"2026-07-14","YCUOK","NA","EPCWTI","WTI Crude Oil","PF4","Spot Price FOB","RWTC","Cushing, OK WTI Spot Price FOB (Dollars per Barrel)","80.44","$/BBL"
"2026-07-14","ZEU","NA","EPCBRENT","UK Brent Crude Oil","PF4","Spot Price FOB","RBRTE","Europe Brent Spot Price FOB (Dollars per Barrel)","83.69","$/BBL"
"2026-07-15","YCUOK","NA","EPCWTI","WTI Crude Oil","PF4","Spot Price FOB","RWTC","Cushing, OK WTI Spot Price FOB (Dollars per Barrel)","80.73","$/BBL"
"2026-07-15","ZEU","NA","EPCBRENT","UK Brent Crude Oil","PF4","Spot Price FOB","RBRTE","Europe Brent Spot Price FOB (Dollars per Barrel)","83.08","$/BBL"
"2026-07-16","YCUOK","NA","EPCWTI","WTI Crude Oil","PF4","Spot Price FOB","RWTC","Cushing, OK WTI Spot Price FOB (Dollars per Barrel)","80.03","$/BBL"
"2026-07-16","ZEU","NA","EPCBRENT","UK Brent Crude Oil","PF4","Spot Price FOB","RBRTE","Europe Brent Spot Price FOB (Dollars per Barrel)","81.23","$/BBL"
"2026-07-17","YCUOK","NA","EPCWTI","WTI Crude Oil","PF4","Spot Price FOB","RWTC","Cushing, OK WTI Spot Price FOB (Dollars per Barrel)","83.43","$/BBL"
"2026-07-17","ZEU","NA","EPCBRENT","UK Brent Crude Oil","PF4","Spot Price FOB","RBRTE","Europe Brent Spot Price FOB (Dollars per Barrel)","85.01","$/BBL"
"2026-07-20","YCUOK","NA","EPCWTI","WTI Crude Oil","PF4","Spot Price FOB","RWTC","Cushing, OK WTI Spot Price FOB (Dollars per Barrel)","84.38","$/BBL"
"2026-07-20","ZEU","NA","EPCBRENT","UK Brent Crude Oil","PF4","Spot Price FOB","RBRTE","Europe Brent Spot Price FOB (Dollars per Barrel)","86.99","$/BBL"
"2026-07-21","YCUOK","NA","EPCWTI","WTI Crude Oil","PF4","Spot Price FOB","RWTC","Cushing, OK WTI Spot Price FOB (Dollars per Barrel)","86.04","$/BBL"
"2026-07-21","ZEU","NA","EPCBRENT","UK Brent Crude Oil","PF4","Spot Price FOB","RBRTE","Europe Brent Spot Price FOB (Dollars per Barrel)","93.85","$/BBL"
"2026-07-22","YCUOK","NA","EPCWTI","WTI Crude Oil","PF4","Spot Price FOB","RWTC","Cushing, OK WTI Spot Price FOB (Dollars per Barrel)","87.66","$/BBL"
"2026-07-22","ZEU","NA","EPCBRENT","UK Brent Crude Oil","PF4","Spot Price FOB","RBRTE","Europe Brent Spot Price FOB (Dollars per Barrel)","94.12","$/BBL"
"2026-07-23","YCUOK","NA","EPCWTI","WTI Crude Oil","PF4","Spot Price FOB","RWTC","Cushing, OK WTI Spot Price FOB (Dollars per Barrel)","93.08","$/BBL"
"2026-07-23","ZEU","NA","EPCBRENT","UK Brent Crude Oil","PF4","Spot Price FOB","RBRTE","Europe Brent Spot Price FOB (Dollars per Barrel)","105.32","$/BBL"
"2026-07-24","YCUOK","NA","EPCWTI","WTI Crude Oil","PF4","Spot Price FOB","RWTC","Cushing, OK WTI Spot Price FOB (Dollars per Barrel)","91.74","$/BBL"
"2026-07-24","ZEU","NA","EPCBRENT","UK Brent Crude Oil","PF4","Spot Price FOB","RBRTE","Europe Brent Spot Price FOB (Dollars per Barrel)","100.31","$/BBL"
"2026-07-27","YCUOK","NA","EPCWTI","WTI Crude Oil","PF4","Spot Price FOB","RWTC","Cushing, OK WTI Spot Price FOB (Dollars per Barrel)","84.25","$/BBL"
"2026-07-27","ZEU","NA","EPCBRENT","UK Brent Crude Oil","PF4","Spot Price FOB","RBRTE","Europe Brent Spot Price FOB (Dollars per Barrel)","91.82","$/BBL"
"2026-07-28","YCUOK","NA","EPCWTI","WTI Crude Oil","PF4","Spot Price FOB","RWTC","Cushing, OK WTI Spot Price FOB (Dollars per Barrel)","80.91","$/BBL"
"2026-07-28","ZEU","NA","EPCBRENT","UK Brent Crude Oil","PF4","Spot Price FOB","RBRTE","Europe Brent Spot Price FOB (Dollars per Barrel)","85.51","$/BBL"
"2026-07-29","YCUOK","NA","EPCWTI","WTI Crude Oil","PF4","Spot Price FOB","RWTC","Cushing, OK WTI Spot Price FOB (Dollars per Barrel)","86.08","$/BBL"
"2026-07-29","ZEU","NA","EPCBRENT","UK Brent Crude Oil","PF4","Spot Price FOB","RBRTE","Europe Brent Spot Price FOB (Dollars per Barrel)","91.95","$/BBL"
"2026-07-30","YCUOK","NA","EPCWTI","WTI Crude Oil","PF4","Spot Price FOB","RWTC","Cushing, OK WTI Spot Price FOB (Dollars per Barrel)","85.15","$/BBL"
"2026-07-30","ZEU","NA","EPCBRENT","UK Brent Crude Oil","PF4","Spot Price FOB","RBRTE","Europe Brent Spot Price FOB (Dollars per Barrel)","91.91","$/BBL"
"2026-07-31","YCUOK","NA","EPCWTI","WTI Crude Oil","PF4","Spot Price FOB","RWTC","Cushing, OK WTI Spot Price FOB (Dollars per Barrel)","86.16","$/BBL"
"2026-07-31","ZEU","NA","EPCBRENT","UK Brent Crude Oil","PF4","Spot Price FOB","RBRTE","Europe Brent Spot Price FOB (Dollars per Barrel)","96.95","$/BBL"
"2026-08-03","YCUOK","NA","EPCWTI","WTI Crude Oil","PF4","Spot Price FOB","RWTC","Cushing, OK WTI Spot Price FOB (Dollars per Barrel)","81.96","$/BBL"
"2026-08-03","ZEU","NA","EPCBRENT","UK Brent Crude Oil","PF4","Spot Price FOB","RBRTE","Europe Brent Spot Price FOB (Dollars per Barrel)","88.9","$/BBL"
"2026-08-04","YCUOK","NA","EPCWTI","WTI Crude Oil","PF4","Spot Price FOB","RWTC","Cushing, OK WTI Spot Price FOB (Dollars per Barrel)","77.33","$/BBL"
"2026-08-04","ZEU","NA","EPCBRENT","UK Brent Crude Oil","PF4","Spot Price FOB","RBRTE","Europe Brent Spot Price FOB (Dollars per Barrel)","86.47","$/BBL"
"2026-08-05","YCUOK","NA","EPCWTI","WTI Crude Oil","PF4","Spot Price FOB","RWTC","Cushing, OK WTI Spot Price FOB (Dollars per Barrel)","76.78","$/BBL"
"2026-08-05","ZEU","NA","EPCBRENT","UK Brent Crude Oil","PF4","Spot Price FOB","RBRTE","Europe Brent Spot Price FOB (Dollars per Barrel)","86.65","$/BBL"
"2026-08-06","YCUOK","NA","EPCWTI","WTI Crude Oil","PF4","Spot Price FOB","RWTC","Cushing, OK WTI Spot Price FOB (Dollars per Barrel)","78.88","$/BBL"
"2026-08-06","ZEU","NA","EPCBRENT","UK Brent Crude Oil","PF4","Spot Price FOB","RBRTE","Europe Brent Spot Price FOB (Dollars per Barrel)","89.65","$/BBL"
"2026-08-07","YCUOK","NA","EPCWTI","WTI Crude Oil","PF4","Spot Price FOB","RWTC","Cushing, OK WTI Spot Price FOB (Dollars per Barrel)","79.77","$/BBL"
"2026-08-07","ZEU","NA","EPCBRENT","UK Brent Crude Oil","PF4","Spot Price FOB","RBRTE","Europe Brent Spot Price FOB (Dollars per Barrel)","87.62","$/BBL"
"2026-08-10","YCUOK","NA","EPCWTI","WTI Crude Oil","PF4","Spot Price FOB","RWTC","Cushing, OK WTI Spot Price FOB (Dollars per Barrel)","83.76","$/BBL"
"2026-08-10","ZEU","NA","EPCBRENT","UK Brent Crude Oil","PF4","Spot Price FOB","RBRTE","Europe Brent Spot Price FOB (Dollars per Barrel)","92.74","$/BBL"
"2026-08-11","YCUOK","NA","EPCWTI","WTI Crude Oil","PF4","Spot Price FOB","RWTC","Cushing, OK WTI Spot Price FOB (Dollars per Barrel)","84.77","$/BBL"
"2026-08-11","ZEU","NA","EPCBRENT","UK Brent Crude Oil","PF4","Spot Price FOB","RBRTE","Europe Brent Spot Price FOB (Dollars per Barrel)","93.26","$/BBL"
"2026-08-12","YCUOK","NA","EPCWTI","WTI Crude Oil","PF4","Spot Price FOB","RWTC","Cushing, OK WTI Spot Price FOB (Dollars per Barrel)","84.97","$/BBL"
"2026-08-12","ZEU","NA","EPCBRENT","UK Brent Crude Oil","PF4","Spot Price FOB","RBRTE","Europe Brent Spot Price FOB (Dollars per Barrel)","92.52","$/BBL"
"2026-08-13","YCUOK","NA","EPCWTI","WTI Crude Oil","PF4","Spot Price FOB","RWTC","Cushing, OK WTI Spot Price FOB (Dollars per Barrel)","82.77","$/BBL"
"2026-08-13","ZEU","NA","EPCBRENT","UK Brent Crude Oil","PF4","Spot Price FOB","RBRTE","Europe Brent Spot Price FOB (Dollars per Barrel)","92.03","$/BBL"
"2026-08-14","YCUOK","NA","EPCWTI","WTI Crude Oil","PF4","Spot Price FOB","RWTC","Cushing, OK WTI Spot Price FOB (Dollars per Barrel)","83.99","$/BBL"
"2026-08-14","ZEU","NA","EPCBRENT","UK Brent Crude Oil","PF4","Spot Price FOB","RBRTE","Europe Brent Spot Price FOB (Dollars per Barrel)","92.02","$/BBL"
"2026-08-17","YCUOK","NA","EPCWTI","WTI Crude Oil","PF4","Spot Price FOB","RWTC","Cushing, OK WTI Spot Price FOB (Dollars per Barrel)","86.04","$/BBL"
"2026-08-17","ZEU","NA","EPCBRENT","UK Brent Crude Oil","PF4","Spot Price FOB","RBRTE","Europe Brent Spot Price FOB (Dollars per Barrel)","92.43","$/BBL"
"2026-08-18","YCUOK","NA","EPCWTI","WTI Crude Oil","PF4","Spot Price FOB","RWTC","Cushing, OK WTI Spot Price FOB (Dollars per Barrel)","86.48","$/BBL"
"2026-08-18","ZEU","NA","EPCBRENT","UK Brent Crude Oil","PF4","Spot Price FOB","RBRTE","Europe Brent Spot Price FOB (Dollars per Barrel)","95.29","$/BBL"
"2026-08-19","YCUOK","NA","EPCWTI","WTI Crude Oil","PF4","Spot Price FOB","RWTC","Cushing, OK WTI Spot Price FOB (Dollars per Barrel)","87.28","$/BBL"
"2026-08-19","ZEU","NA","EPCBRENT","UK Brent Crude Oil","PF4","Spot Price FOB","RBRTE","Europe Brent Spot Price FOB (Dollars per Barrel)","92.37","$/BBL"
"2026-08-20","YCUOK","NA","EPCWTI","WTI Crude Oil","PF4","Spot Price FOB","RWTC","Cushing, OK WTI Spot Price FOB (Dollars per Barrel)","89.75","$/BBL"
"2026-08-20","ZEU","NA","EPCBRENT","UK Brent Crude Oil","PF4","Spot Price FOB","RBRTE","Europe Brent Spot Price FOB (Dollars per Barrel)","94","$/BBL"
"2026-08-21","YCUOK","NA","EPCWTI","WTI Crude Oil","PF4","Spot Price FOB","RWTC","Cushing, OK WTI Spot Price FOB (Dollars per Barrel)","87.21","$/BBL"
"2026-08-21","ZEU","NA","EPCBRENT","UK Brent Crude Oil","PF4","Spot Price FOB","RBRTE","Europe Brent Spot Price FOB (Dollars per Barrel)","96.92","$/BBL"
"2026-08-24","YCUOK","NA","EPCWTI","WTI Crude Oil","PF4","Spot Price FOB","RWTC","Cushing, OK WTI Spot Price FOB (Dollars per Barrel)","86.34","$/BBL"
"2026-08-24","ZEU","NA","EPCBRENT","UK Brent Crude Oil","PF4","Spot Price FOB","RBRTE","Europe Brent Spot Price FOB (Dollars per Barrel)","92.71","$/BBL"
"2026-08-25","YCUOK","NA","EPCWTI","WTI Crude Oil","PF4","Spot Price FOB","RWTC","Cushing, OK WTI Spot Price FOB (Dollars per Barrel)","83.9","$/BBL"
"2026-08-25","ZEU","NA","EPCBRENT","UK Brent Crude Oil","PF4","Spot Price FOB","RBRTE","Europe Brent Spot Price FOB (Dollars per Barrel)","88.24","$/BBL"
"2026-08-26","YCUOK","NA","EPCWTI","WTI Crude Oil","PF4","Spot Price FOB","RWTC","Cushing, OK WTI Spot Price FOB (Dollars per Barrel)","83.46","$/BBL"
"2026-08-26","ZEU","NA","EPCBRENT","UK Brent Crude Oil","PF4","Spot Price FOB","RBRTE","Europe Brent Spot Price FOB (Dollars per Barrel)","87.77","$/BBL"
"2026-08-27","YCUOK","NA","EPCWTI","WTI Crude Oil","PF4","Spot Price FOB","RWTC","Cushing, OK WTI Spot Price FOB (Dollars per Barrel)","84.81","$/BBL"
"2026-08-27","ZEU","NA","EPCBRENT","UK Brent Crude Oil","PF4","Spot Price FOB","RBRTE","Europe Brent Spot Price FOB (Dollars per Barrel)","90.18","$/BBL"
"2026-08-28","YCUOK","NA","EPCWTI","WTI Crude Oil","PF4","Spot Price FOB","RWTC","Cushing, OK WTI Spot Price FOB (Dollars per Barrel)","84.57","$/BBL"
"2026-08-28","ZEU","NA","EPCBRENT","UK Brent Crude Oil","PF4","Spot Price FOB","RBRTE","Europe Brent Spot Price FOB (Dollars per Barrel)","89.75","$/BBL"
"2026-08-31","YCUOK","NA","EPCWTI","WTI Crude Oil","PF4","Spot Price FOB","RWTC","Cushing, OK WTI Spot Price FOB (Dollars per Barrel)","87.03","$/BBL"
"2026-09-01","YCUOK","NA","EPCWTI","WTI Crude Oil","PF4","Spot Price FOB","RWTC","Cushing, OK WTI Spot Price FOB (Dollars per Barrel)","91.48","$/BBL"
"2026-09-01","ZEU","NA","EPCBRENT","UK Brent Crude Oil","PF4","Spot Price FOB","RBRTE","Europe Brent Spot Price FOB (Dollars per Barrel)","96.02","$/BBL"
"2026-09-02","YCUOK","NA","EPCWTI","WTI Crude Oil","PF4","Spot Price FOB","RWTC","Cushing, OK WTI Spot Price FOB (Dollars per Barrel)","92.15","$/BBL"
"2026-09-02","ZEU","NA","EPCBRENT","UK Brent Crude Oil","PF4","Spot Price FOB","RBRTE","Europe Brent Spot Price FOB (Dollars per Barrel)","97.59","$/BBL"
"2026-09-03","YCUOK","NA","EPCWTI","WTI Crude Oil","PF4","Spot Price FOB","RWTC","Cushing, OK WTI Spot Price FOB (Dollars per Barrel)","92.55","$/BBL"
"2026-09-03","ZEU","NA","EPCBRENT","UK Brent Crude Oil","PF4","Spot Price FOB","RBRTE","Europe Brent Spot Price FOB (Dollars per Barrel)","100.52","$/BBL"
"2026-09-04","YCUOK","NA","EPCWTI","WTI Crude Oil","PF4","Spot Price FOB","RWTC","Cushing, OK WTI Spot Price FOB (Dollars per Barrel)","92.69","$/BBL"
"2026-09-04","ZEU","NA","EPCBRENT","UK Brent Crude Oil","PF4","Spot Price FOB","RBRTE","Europe Brent Spot Price FOB (Dollars per Barrel)","102.24","$/BBL"
"2026-09-07","ZEU","NA","EPCBRENT","UK Brent Crude Oil","PF4","Spot Price FOB","RBRTE","Europe Brent Spot Price FOB (Dollars per Barrel)","104.47","$/BBL"
"2026-09-08","YCUOK","NA","EPCWTI","WTI Crude Oil","PF4","Spot Price FOB","RWTC","Cushing, OK WTI Spot Price FOB (Dollars per Barrel)","94.21","$/BBL"
"2026-09-08","ZEU","NA","EPCBRENT","UK Brent Crude Oil","PF4","Spot Price FOB","RBRTE","Europe Brent Spot Price FOB (Dollars per Barrel)","106.12","$/BBL"
"2026-09-09","YCUOK","NA","EPCWTI","WTI Crude Oil","PF4","Spot Price FOB","RWTC","Cushing, OK WTI Spot Price FOB (Dollars per Barrel)","97.26","$/BBL"
"2026-09-09","ZEU","NA","EPCBRENT","UK Brent Crude Oil","PF4","Spot Price FOB","RBRTE","Europe Brent Spot Price FOB (Dollars per Barrel)","109.51","$/BBL"
"2026-09-10","YCUOK","NA","EPCWTI","WTI Crude Oil","PF4","Spot Price FOB","RWTC","Cushing, OK WTI Spot Price FOB (Dollars per Barrel)","103.57","$/BBL"
"2026-09-10","ZEU","NA","EPCBRENT","UK Brent Crude Oil","PF4","Spot Price FOB","RBRTE","Europe Brent Spot Price FOB (Dollars per Barrel)","120.98","$/BBL"
"2026-09-11","YCUOK","NA","EPCWTI","WTI Crude Oil","PF4","Spot Price FOB","RWTC","Cushing, OK WTI Spot Price FOB (Dollars per Barrel)","101.27","$/BBL"
"2026-09-11","ZEU","NA","EPCBRENT","UK Brent Crude Oil","PF4","Spot Price FOB","RBRTE","Europe Brent Spot Price FOB (Dollars per Barrel)","118.06","$/BBL"
"2026-09-14","YCUOK","NA","EPCWTI","WTI Crude Oil","PF4","Spot Price FOB","RWTC","Cushing, OK WTI Spot Price FOB (Dollars per Barrel)","102.42","$/BBL"
"2026-09-14","ZEU","NA","EPCBRENT","UK Brent Crude Oil","PF4","Spot Price FOB","RBRTE","Europe Brent Spot Price FOB (Dollars per Barrel)","121.25","$/BBL"
"2026-09-15","YCUOK","NA","EPCWTI","WTI Crude Oil","PF4","Spot Price FOB","RWTC","Cushing, OK WTI Spot Price FOB (Dollars per Barrel)","107.02","$/BBL"
"2026-09-15","ZEU","NA","EPCBRENT","UK Brent Crude Oil","PF4","Spot Price FOB","RBRTE","Europe Brent Spot Price FOB (Dollars per Barrel)","130.8","$/BBL"
"2026-09-16","YCUOK","NA","EPCWTI","WTI Crude Oil","PF4","Spot Price FOB","RWTC","Cushing, OK WTI Spot Price FOB (Dollars per Barrel)","103.62","$/BBL"
"2026-09-16","ZEU","NA","EPCBRENT","UK Brent Crude Oil","PF4","Spot Price FOB","RBRTE","Europe Brent Spot Price FOB (Dollars per Barrel)","127.84","$/BBL"
"2026-09-17","YCUOK","NA","EPCWTI","WTI Crude Oil","PF4","Spot Price FOB","RWTC","Cushing, OK WTI Spot Price FOB (Dollars per Barrel)","103.21","$/BBL"
"2026-09-17","ZEU","NA","EPCBRENT","UK Brent Crude Oil","PF4","Spot Price FOB","RBRTE","Europe Brent Spot Price FOB (Dollars per Barrel)","121.18","$/BBL"
"2026-09-18","YCUOK","NA","EPCWTI","WTI Crude Oil","PF4","Spot Price FOB","RWTC","Cushing, OK WTI Spot Price FOB (Dollars per Barrel)","101.44","$/BBL"
"2026-09-18","ZEU","NA","EPCBRENT","UK Brent Crude Oil","PF4","Spot Price FOB","RBRTE","Europe Brent Spot Price FOB (Dollars per Barrel)","119.66","$/BBL"
"2026-09-21","YCUOK","NA","EPCWTI","WTI Crude Oil","PF4","Spot Price FOB","RWTC","Cushing, OK WTI Spot Price FOB (Dollars per Barrel)","96.97","$/BBL"
"2026-09-21","ZEU","NA","EPCBRENT","UK Brent Crude Oil","PF4","Spot Price FOB","RBRTE","Europe Brent Spot Price FOB (Dollars per Barrel)","116.15","$/BBL"
"2026-09-22","YCUOK","NA","EPCWTI","WTI Crude Oil","PF4","Spot Price FOB","RWTC","Cushing, OK WTI Spot Price FOB (Dollars per Barrel)","96.41","$/BBL"
"2026-09-22","ZEU","NA","EPCBRENT","UK Brent Crude Oil","PF4","Spot Price FOB","RBRTE","Europe Brent Spot Price FOB (Dollars per Barrel)","114.89","$/BBL"
